mean_fit_time	std_fit_time	mean_score_time	std_score_time	param_algorithm	param_leaf_size	param_n_neighbors	param_p	param_weights	params	split0_test_score	split1_test_score	split2_test_score	mean_test_score	std_test_score	rank_test_score	split0_train_score	split1_train_score	split2_train_score	mean_train_score	std_train_score
0.0044091542561848955	0.00016871056769999867	0.009450197219848633	0.0005539543025044594	ball_tree	1	1	1	uniform	{'algorithm': 'ball_tree', 'leaf_size': 1, 'n_neighbors': 1, 'p': 1, 'weights': 'uniform'}	0.9992426579252478	0.9992720158366621	0.9991338811909436	0.9992161849842844	5.9418894522317166e-05	1	1.0	1.0	1.0	1.0	0.0
0.004579703013102214	0.0006385174890107606	0.009370565414428711	5.260250890695626e-05	ball_tree	1	1	1	distance	{'algorithm': 'ball_tree', 'leaf_size': 1, 'n_neighbors': 1, 'p': 1, 'weights': 'distance'}	0.9992426579252478	0.9992720158366621	0.9991338811909436	0.9992161849842844	5.9418894522317166e-05	1	1.0	1.0	1.0	1.0	0.0
0.004571437835693359	0.0005969686050444213	0.011670351028442383	0.0007407124884034871	ball_tree	1	1	2	uniform	{'algorithm': 'ball_tree', 'leaf_size': 1, 'n_neighbors': 1, 'p': 2, 'weights': 'uniform'}	0.9992426503498484	0.9992720160487378	0.9991338809528614	0.9992161824504825	5.9417945946939706e-05	3	1.0	1.0	1.0	1.0	0.0
0.0055590470631917315	0.0006278850137597519	0.015838781992594402	0.0027876409804649875	ball_tree	1	1	2	distance	{'algorithm': 'ball_tree', 'leaf_size': 1, 'n_neighbors': 1, 'p': 2, 'weights': 'distance'}	0.9992426503498484	0.9992720160487378	0.9991338809528614	0.9992161824504825	5.9417945946939706e-05	3	1.0	1.0	1.0	1.0	0.0
0.004511515299479167	0.000385899274138946	0.01388112703959147	0.0008292358892393483	ball_tree	1	5	1	uniform	{'algorithm': 'ball_tree', 'leaf_size': 1, 'n_neighbors': 5, 'p': 1, 'weights': 'uniform'}	0.9976713809518072	0.997744859581887	0.9980326184421346	0.9978162863252763	0.0001558834305026695	149	0.9989684902475833	0.9989718700245267	0.9990882157133852	0.9990095253284984	5.565960970204356e-05
0.0048182010650634766	0.0010581206894042373	0.015902598698933918	0.0037586924254118096	ball_tree	1	5	1	distance	{'algorithm': 'ball_tree', 'leaf_size': 1, 'n_neighbors': 5, 'p': 1, 'weights': 'distance'}	0.9990038839304529	0.9990980695629611	0.9990006828413185	0.9990342121115775	4.517294408395396e-05	90	1.0	1.0	1.0	1.0	0.0
0.004864056905110677	0.0012781979484186448	0.018535534540812176	0.002389210621973862	ball_tree	1	5	2	uniform	{'algorithm': 'ball_tree', 'leaf_size': 1, 'n_neighbors': 5, 'p': 2, 'weights': 'uniform'}	0.9976737783460726	0.9977576080795361	0.9980315553568425	0.9978209805941504	0.0001527812249924003	140	0.9989683278673307	0.9989905062942578	0.999088224361792	0.99901568617446	5.2085264207083566e-05
0.004307746887207031	0.0004597534126292364	0.0159909725189209	0.00046198634929437153	ball_tree	1	5	2	distance	{'algorithm': 'ball_tree', 'leaf_size': 1, 'n_neighbors': 5, 'p': 2, 'weights': 'distance'}	0.9990046481046223	0.9990993384821718	0.9990005840498402	0.999034856878878	4.562555576146801e-05	82	1.0	1.0	1.0	1.0	0.0
0.004107316335042317	0.00011091655509194849	0.01902619997660319	0.0006787099379392575	ball_tree	1	10	1	uniform	{'algorithm': 'ball_tree', 'leaf_size': 1, 'n_neighbors': 10, 'p': 1, 'weights': 'uniform'}	0.993546320208589	0.9930155983902036	0.9946026051394131	0.9937215079127353	0.000659629014053692	204	0.9960513949587927	0.9955972709713438	0.9959117234079686	0.9958534631127017	0.00018991725478493984
0.004404226938883464	0.000162996994688894	0.01869511604309082	0.0009191870187707217	ball_tree	1	10	1	distance	{'algorithm': 'ball_tree', 'leaf_size': 1, 'n_neighbors': 10, 'p': 1, 'weights': 'distance'}	0.997937025704152	0.9981780220253088	0.9982341247067361	0.9981163908120657	0.00012888175244124347	105	1.0	1.0	1.0	1.0	0.0
0.005171775817871094	0.0007631750289489053	0.024106740951538086	0.002015064107699982	ball_tree	1	10	2	uniform	{'algorithm': 'ball_tree', 'leaf_size': 1, 'n_neighbors': 10, 'p': 2, 'weights': 'uniform'}	0.993529207493985	0.9930057382736358	0.9946063597355224	0.9937137685010478	0.000666355430711953	219	0.9960538097021268	0.9955940277170043	0.9959096914387641	0.9958525096192984	0.00019201074417652186
0.00404055913289388	0.00015635973613403287	0.021776914596557617	0.0006191453087788077	ball_tree	1	10	2	distance	{'algorithm': 'ball_tree', 'leaf_size': 1, 'n_neighbors': 10, 'p': 2, 'weights': 'distance'}	0.9979292057382084	0.9981765997969152	0.998236330961879	0.9981140454990008	0.00013295677466591387	115	1.0	1.0	1.0	1.0	0.0
0.004166523615519206	7.026578407497028e-05	0.02863899866739909	0.0008493701356569281	ball_tree	1	20	1	uniform	{'algorithm': 'ball_tree', 'leaf_size': 1, 'n_neighbors': 20, 'p': 1, 'weights': 'uniform'}	0.9803937820635671	0.9793800474918383	0.9833063459313995	0.9810267251622683	0.0016642150469556583	256	0.9847177642374257	0.9835700372010486	0.9843445210627817	0.9842107741670855	0.00047800663286126925
0.005130688349405925	0.0014556740711676426	0.03178755442301432	0.002856500882022873	ball_tree	1	20	1	distance	{'algorithm': 'ball_tree', 'leaf_size': 1, 'n_neighbors': 20, 'p': 1, 'weights': 'distance'}	0.9956873944315271	0.9961167606878799	0.9966877209615256	0.9961639586936442	0.0004097430336733799	190	1.0	1.0	1.0	1.0	0.0
0.004038810729980469	3.838810605070483e-05	0.03278819719950358	0.0006324807782739331	ball_tree	1	20	2	uniform	{'algorithm': 'ball_tree', 'leaf_size': 1, 'n_neighbors': 20, 'p': 2, 'weights': 'uniform'}	0.9803968482916751	0.9793805786555777	0.9833451107371285	0.9810408458947938	0.0016813542837106677	240	0.9847081308447304	0.9835689777678248	0.9843428631918476	0.9842066572681342	0.00047492558953785794
0.004339138666788737	0.0005026688594501116	0.0309597651163737	0.0004962244757608976	ball_tree	1	20	2	distance	{'algorithm': 'ball_tree', 'leaf_size': 1, 'n_neighbors': 20, 'p': 2, 'weights': 'distance'}	0.9956878753719012	0.9961170783712961	0.9966915322458123	0.9961654953296698	0.00041116900947654744	179	1.0	1.0	1.0	1.0	0.0
0.00429073969523112	0.0010822263992952654	0.007996400197347006	0.000267345471555085	ball_tree	10	1	1	uniform	{'algorithm': 'ball_tree', 'leaf_size': 10, 'n_neighbors': 1, 'p': 1, 'weights': 'uniform'}	0.9992426239185705	0.999253979594263	0.9991308311521587	0.9992091448883308	5.556988871396913e-05	47	1.0	1.0	1.0	1.0	0.0
0.0037920475006103516	0.0001116289604206877	0.007875998814900717	0.0003074445146366707	ball_tree	10	1	1	distance	{'algorithm': 'ball_tree', 'leaf_size': 10, 'n_neighbors': 1, 'p': 1, 'weights': 'distance'}	0.9992426239185705	0.999253979594263	0.9991308311521587	0.9992091448883308	5.556988871396913e-05	47	1.0	1.0	1.0	1.0	0.0
0.003549337387084961	0.0003512558711259682	0.009006579717000326	5.048860175589073e-05	ball_tree	10	1	2	uniform	{'algorithm': 'ball_tree', 'leaf_size': 10, 'n_neighbors': 1, 'p': 2, 'weights': 'uniform'}	0.9992426248906292	0.9992539796763155	0.9991308311521587	0.9992091452397012	5.557010599350911e-05	45	1.0	1.0	1.0	1.0	0.0
0.004097779591878255	0.0010143754175393285	0.009960174560546875	0.00019800008684142057	ball_tree	10	1	2	distance	{'algorithm': 'ball_tree', 'leaf_size': 10, 'n_neighbors': 1, 'p': 2, 'weights': 'distance'}	0.9992426248906292	0.9992539796763155	0.9991308311521587	0.9992091452397012	5.557010599350911e-05	45	1.0	1.0	1.0	1.0	0.0
0.003600517908732096	9.510128979133932e-05	0.011836051940917969	0.0006087280015713674	ball_tree	10	5	1	uniform	{'algorithm': 'ball_tree', 'leaf_size': 10, 'n_neighbors': 5, 'p': 1, 'weights': 'uniform'}	0.9976660527754425	0.9977852151394359	0.9980313123136806	0.9978275267428529	0.0001520884313072907	133	0.998967586131039	0.9989678855520648	0.9990875491036834	0.9990076735955956	5.6480645696444915e-05
0.003729581832885742	0.0003835684443392221	0.011531988779703775	0.0006326846389989075	ball_tree	10	5	1	distance	{'algorithm': 'ball_tree', 'leaf_size': 10, 'n_neighbors': 5, 'p': 1, 'weights': 'distance'}	0.9990027045293	0.9991127825194643	0.9990080660171727	0.9990411843553124	5.067484070361041e-05	65	1.0	1.0	1.0	1.0	0.0
0.0034391085306803384	0.00016102115326499294	0.012525161107381185	0.00041566173117643993	ball_tree	10	5	2	uniform	{'algorithm': 'ball_tree', 'leaf_size': 10, 'n_neighbors': 5, 'p': 2, 'weights': 'uniform'}	0.9976639577556341	0.9977852692052953	0.9980318401669783	0.9978270223759692	0.0001530617796623419	134	0.9989674818443348	0.9989896058421942	0.9990879753697686	0.9990150210187659	5.237124413257e-05
0.00384672482808431	0.0007367625403593535	0.014924367268880209	0.002483169140801769	ball_tree	10	5	2	distance	{'algorithm': 'ball_tree', 'leaf_size': 10, 'n_neighbors': 5, 'p': 2, 'weights': 'distance'}	0.9990012642467602	0.9991128772989125	0.9990082804881705	0.9990408073446143	5.1041588567773696e-05	66	1.0	1.0	1.0	1.0	0.0
0.0042951107025146484	0.0011289160254062283	0.01668556531270345	0.0022023938007226405	ball_tree	10	10	1	uniform	{'algorithm': 'ball_tree', 'leaf_size': 10, 'n_neighbors': 10, 'p': 1, 'weights': 'uniform'}	0.9934968333689198	0.9930038321848489	0.9946195103360355	0.9937067252966014	0.0006760892140513371	224	0.9960537452127921	0.9955814963503952	0.9959117314018348	0.9958489909883407	0.00019783329113651376
0.0044066111246744795	0.0012402868800057557	0.015910863876342773	0.0020884635769380954	ball_tree	10	10	1	distance	{'algorithm': 'ball_tree', 'leaf_size': 10, 'n_neighbors': 10, 'p': 1, 'weights': 'distance'}	0.9979213953845077	0.9981765229927391	0.9982356754831039	0.9981111979534503	0.00013636596755780512	124	1.0	1.0	1.0	1.0	0.0
0.0033845901489257812	0.00010389087874521278	0.016050100326538086	0.0005775426516442471	ball_tree	10	10	2	uniform	{'algorithm': 'ball_tree', 'leaf_size': 10, 'n_neighbors': 10, 'p': 2, 'weights': 'uniform'}	0.9935280314352731	0.9930002973906572	0.9946333462810862	0.9937205583690055	0.0006804469779942071	208	0.9960562628806198	0.9955797075101969	0.9959133065429405	0.995849758977919	0.000199674693831152
0.0033822854359944663	5.7294034455995495e-05	0.01651787757873535	0.00013677761709214803	ball_tree	10	10	2	distance	{'algorithm': 'ball_tree', 'leaf_size': 10, 'n_neighbors': 10, 'p': 2, 'weights': 'distance'}	0.9979288504802626	0.9981752087052911	0.9982388558479766	0.9981143050111768	0.00013368564363323572	112	1.0	1.0	1.0	1.0	0.0
0.003683328628540039	0.00012207279600160242	0.023374636967976887	0.0003128365110710549	ball_tree	10	20	1	uniform	{'algorithm': 'ball_tree', 'leaf_size': 10, 'n_neighbors': 20, 'p': 1, 'weights': 'uniform'}	0.9804049897876403	0.9793974501072452	0.9833226929394261	0.9810417109447706	0.0016645205910110683	239	0.9846833284614409	0.9835705412113761	0.9843522823640345	0.9842020506789506	0.00046654834360373255
0.0034728050231933594	7.696256120833356e-05	0.021625359853108723	0.0007228417856752156	ball_tree	10	20	1	distance	{'algorithm': 'ball_tree', 'leaf_size': 10, 'n_neighbors': 20, 'p': 1, 'weights': 'distance'}	0.9956862942370925	0.9961200883016667	0.9966884900565663	0.9961649575317751	0.00041037304248743583	182	1.0	1.0	1.0	1.0	0.0
0.003328243891398112	3.332425037019743e-05	0.024609486262003582	0.0005606678508992402	ball_tree	10	20	2	uniform	{'algorithm': 'ball_tree', 'leaf_size': 10, 'n_neighbors': 20, 'p': 2, 'weights': 'uniform'}	0.9803922402251366	0.9793957694766386	0.9833132148831456	0.9810337415283069	0.0016623753225866412	249	0.9846761842503315	0.9835757716004059	0.9843459536797647	0.9841993031768341	0.0004610544273991035
0.0042781829833984375	0.00042829193073546865	0.02376071612040202	0.0021418032973286177	ball_tree	10	20	2	distance	{'algorithm': 'ball_tree', 'leaf_size': 10, 'n_neighbors': 20, 'p': 2, 'weights': 'distance'}	0.9956847171862047	0.9961204003687585	0.9966876509081207	0.9961642561543612	0.0004106186471551048	185	1.0	1.0	1.0	1.0	0.0
0.0029354095458984375	3.0757536837239434e-05	0.01400915781656901	0.000559026997508319	ball_tree	50	1	1	uniform	{'algorithm': 'ball_tree', 'leaf_size': 50, 'n_neighbors': 1, 'p': 1, 'weights': 'uniform'}	0.9992463889617836	0.9992536882919987	0.9991285433530167	0.9992095402022664	5.73508921562279e-05	41	1.0	1.0	1.0	1.0	0.0
0.0032971700032552085	0.00044547924369012275	0.014720996220906576	0.0007941904153087384	ball_tree	50	1	1	distance	{'algorithm': 'ball_tree', 'leaf_size': 50, 'n_neighbors': 1, 'p': 1, 'weights': 'distance'}	0.9992463889617836	0.9992536882919987	0.9991285433530167	0.9992095402022664	5.73508921562279e-05	41	1.0	1.0	1.0	1.0	0.0
0.003335873285929362	0.0008824387136777856	0.012578169504801432	0.0021946985243027706	ball_tree	50	1	2	uniform	{'algorithm': 'ball_tree', 'leaf_size': 50, 'n_neighbors': 1, 'p': 2, 'weights': 'uniform'}	0.9992463889617836	0.9992536882919987	0.9991285433530167	0.9992095402022664	5.73508921562279e-05	41	1.0	1.0	1.0	1.0	0.0
0.002673625946044922	9.618783770868918e-05	0.011551777521769205	0.0004992746280327808	ball_tree	50	1	2	distance	{'algorithm': 'ball_tree', 'leaf_size': 50, 'n_neighbors': 1, 'p': 2, 'weights': 'distance'}	0.9992463889617836	0.9992536882919987	0.9991285433530167	0.9992095402022664	5.73508921562279e-05	41	1.0	1.0	1.0	1.0	0.0
0.0030198891957600913	0.0002607139836869073	0.018454313278198242	0.0009706232261015566	ball_tree	50	5	1	uniform	{'algorithm': 'ball_tree', 'leaf_size': 50, 'n_neighbors': 5, 'p': 1, 'weights': 'uniform'}	0.9976681854714508	0.9977433418179251	0.9980256360871311	0.9978123877921691	0.00015387927211948756	156	0.9989658665864374	0.9989647835228751	0.999087911909212	0.9990061873395081	5.7789688968573326e-05
0.0028563340504964194	5.299916251292467e-05	0.017951011657714844	0.0005967141544105541	ball_tree	50	5	1	distance	{'algorithm': 'ball_tree', 'leaf_size': 50, 'n_neighbors': 5, 'p': 1, 'weights': 'distance'}	0.9990014288714845	0.9991008413353187	0.9990005018366193	0.9990342573478075	4.708351015719402e-05	89	1.0	1.0	1.0	1.0	0.0
0.002725521723429362	5.768262573313904e-05	0.015565633773803711	0.00021822998377007394	ball_tree	50	5	2	uniform	{'algorithm': 'ball_tree', 'leaf_size': 50, 'n_neighbors': 5, 'p': 2, 'weights': 'uniform'}	0.9976678382261396	0.9977579997366314	0.9980257953925027	0.9978172111184245	0.0001520149642591579	146	0.9989660676954631	0.9989697706157294	0.9990879027167665	0.9990079136759863	5.65809914389391e-05
0.0029729207356770835	0.0002822049131884786	0.01658344268798828	0.0005664498641373906	ball_tree	50	5	2	distance	{'algorithm': 'ball_tree', 'leaf_size': 50, 'n_neighbors': 5, 'p': 2, 'weights': 'distance'}	0.9990012557379322	0.999106767051422	0.9990006328565177	0.9990362185486239	4.988597284871965e-05	81	1.0	1.0	1.0	1.0	0.0
0.0028460820515950522	7.959999405918481e-05	0.023346344629923504	0.00015388281207507032	ball_tree	50	10	1	uniform	{'algorithm': 'ball_tree', 'leaf_size': 50, 'n_neighbors': 10, 'p': 1, 'weights': 'uniform'}	0.9935589265306931	0.9929833794261256	0.994623157049781	0.9937218210021999	0.0006792734453791321	203	0.9960594945802355	0.9955818123365504	0.9959150414998601	0.9958521161388819	0.00020002463560549275
0.0029528141021728516	0.00013956361919374637	0.022731622060139973	0.0009212656858282783	ball_tree	50	10	1	distance	{'algorithm': 'ball_tree', 'leaf_size': 50, 'n_neighbors': 10, 'p': 1, 'weights': 'distance'}	0.9979385771061018	0.998175367514165	0.9982346401598363	0.998116194926701	0.00012790459798104904	106	1.0	1.0	1.0	1.0	0.0
0.002794345219930013	0.00010592053774795501	0.019925276438395183	0.0008514070966625612	ball_tree	50	10	2	uniform	{'algorithm': 'ball_tree', 'leaf_size': 50, 'n_neighbors': 10, 'p': 2, 'weights': 'uniform'}	0.9935583215904946	0.992976866696147	0.9946081008890707	0.9937144297252375	0.0006750350906140559	218	0.9960485261374487	0.9955943067512723	0.9959160295817711	0.9958529541568306	0.00019072265136960208
0.0028062661488850913	6.0773930395941316e-05	0.020575761795043945	0.0007117540420522167	ball_tree	50	10	2	distance	{'algorithm': 'ball_tree', 'leaf_size': 50, 'n_neighbors': 10, 'p': 2, 'weights': 'distance'}	0.9979383803832237	0.998173030090481	0.9982332285467184	0.9981148796734743	0.0001272005323038643	111	1.0	1.0	1.0	1.0	0.0
0.0030493736267089844	0.000348298128840695	0.03252275784810384	0.0020695439516810175	ball_tree	50	20	1	uniform	{'algorithm': 'ball_tree', 'leaf_size': 50, 'n_neighbors': 20, 'p': 1, 'weights': 'uniform'}	0.9804006959922985	0.9794016487546512	0.9833168484546131	0.9810397310671876	0.0016610180699095996	241	0.9847088359904926	0.9835739296218025	0.9843510114729118	0.9842112590284023	0.0004737447806102436
0.002871274948120117	5.7761298692258174e-05	0.030475457509358723	0.0010115281543487335	ball_tree	50	20	1	distance	{'algorithm': 'ball_tree', 'leaf_size': 50, 'n_neighbors': 20, 'p': 1, 'weights': 'distance'}	0.9956890151157929	0.9961195633063515	0.99668790976783	0.9961654960633247	0.00040908841349960386	178	1.0	1.0	1.0	1.0	0.0
0.002803246180216471	5.071887921669665e-05	0.028826395670572918	0.0003449877203633324	ball_tree	50	20	2	uniform	{'algorithm': 'ball_tree', 'leaf_size': 50, 'n_neighbors': 20, 'p': 2, 'weights': 'uniform'}	0.9804069522093402	0.9793979704053859	0.9833121804732117	0.981039034362646	0.0016592982452757737	242	0.984708431754769	0.9835786891388241	0.9843559951792205	0.9842143720242712	0.00047196216874084815
0.002779881159464518	4.82153397293334e-05	0.02782607078552246	0.0009340737885775073	ball_tree	50	20	2	distance	{'algorithm': 'ball_tree', 'leaf_size': 50, 'n_neighbors': 20, 'p': 2, 'weights': 'distance'}	0.995690731712669	0.9961190719980308	0.9966878412188791	0.996165881643193	0.00040841171955418	174	1.0	1.0	1.0	1.0	0.0
0.002894798914591471	0.00039101545070268804	0.021230220794677734	0.00039525749871780716	ball_tree	100	1	1	uniform	{'algorithm': 'ball_tree', 'leaf_size': 100, 'n_neighbors': 1, 'p': 1, 'weights': 'uniform'}	0.9992463886309342	0.9992539965844928	0.9991284431216603	0.9992096094456958	5.7477238146419575e-05	29	1.0	1.0	1.0	1.0	0.0
0.002530813217163086	6.0622426640654476e-05	0.02153786023457845	0.00035926430319075433	ball_tree	100	1	1	distance	{'algorithm': 'ball_tree', 'leaf_size': 100, 'n_neighbors': 1, 'p': 1, 'weights': 'distance'}	0.9992463886309342	0.9992539965844928	0.9991284431216603	0.9992096094456958	5.7477238146419575e-05	29	1.0	1.0	1.0	1.0	0.0
0.0025037129720052085	5.841120028499908e-06	0.01609524091084798	0.00035992969499990007	ball_tree	100	1	2	uniform	{'algorithm': 'ball_tree', 'leaf_size': 100, 'n_neighbors': 1, 'p': 2, 'weights': 'uniform'}	0.9992463886309342	0.9992539965844928	0.9991284431216603	0.9992096094456958	5.7477238146419575e-05	29	1.0	1.0	1.0	1.0	0.0
0.0025401910146077475	4.843686619011674e-05	0.01657255490620931	0.001222657668772747	ball_tree	100	1	2	distance	{'algorithm': 'ball_tree', 'leaf_size': 100, 'n_neighbors': 1, 'p': 2, 'weights': 'distance'}	0.9992463886309342	0.9992539965844928	0.9991284431216603	0.9992096094456958	5.7477238146419575e-05	29	1.0	1.0	1.0	1.0	0.0
0.002555290857950846	5.953859272149447e-05	0.02720808982849121	0.0010436102933466707	ball_tree	100	5	1	uniform	{'algorithm': 'ball_tree', 'leaf_size': 100, 'n_neighbors': 5, 'p': 1, 'weights': 'uniform'}	0.9976756439677066	0.997768020709421	0.9980369441623749	0.9978268696131675	0.00015325763226444367	135	0.9989654081869657	0.9989680044338428	0.9990895750092157	0.9990076625433414	5.793055712758257e-05
0.0027614434560139975	0.00022243591676687584	0.026181379954020183	0.0005615863243473633	ball_tree	100	5	1	distance	{'algorithm': 'ball_tree', 'leaf_size': 100, 'n_neighbors': 5, 'p': 1, 'weights': 'distance'}	0.9990047242847528	0.999108750133523	0.9990039993193209	0.9990391579125323	4.921002140848068e-05	71	1.0	1.0	1.0	1.0	0.0
0.002453962961832682	3.220288915539824e-05	0.021135727564493816	0.00034516161809579907	ball_tree	100	5	2	uniform	{'algorithm': 'ball_tree', 'leaf_size': 100, 'n_neighbors': 5, 'p': 2, 'weights': 'uniform'}	0.9976686320394236	0.9977529982855765	0.9980393039633829	0.9978203114294609	0.00015863524893633795	143	0.9989665387458883	0.9989631602791664	0.9990896016673525	0.9990064335641358	5.882490149505502e-05
0.0027957757314046225	0.0004872683303273024	0.020955006281534832	0.0003514611363064056	ball_tree	100	5	2	distance	{'algorithm': 'ball_tree', 'leaf_size': 100, 'n_neighbors': 5, 'p': 2, 'weights': 'distance'}	0.999003664670408	0.9991020764622469	0.9990047557289249	0.9990368322871933	4.613674880897932e-05	78	1.0	1.0	1.0	1.0	0.0
0.0037391980489095054	0.00037835680562285195	0.034941673278808594	0.005769465479177417	ball_tree	100	10	1	uniform	{'algorithm': 'ball_tree', 'leaf_size': 100, 'n_neighbors': 10, 'p': 1, 'weights': 'uniform'}	0.9935386415509597	0.9930092469022214	0.9946087413096235	0.9937188765876015	0.0006653115015552952	211	0.9960483419897932	0.9955833640016682	0.9959097415259028	0.9958471491724548	0.00019491790475788834
0.002523501714070638	5.8763072972868335e-05	0.031318982442220054	0.0003149685596862518	ball_tree	100	10	1	distance	{'algorithm': 'ball_tree', 'leaf_size': 100, 'n_neighbors': 10, 'p': 1, 'weights': 'distance'}	0.9979295168089104	0.9981764663916713	0.9982322177331084	0.9981127336445633	0.00013153797846510973	123	1.0	1.0	1.0	1.0	0.0
0.002751429875691732	0.0004149298630410898	0.02516770362854004	0.00042248543616744716	ball_tree	100	10	2	uniform	{'algorithm': 'ball_tree', 'leaf_size': 100, 'n_neighbors': 10, 'p': 2, 'weights': 'uniform'}	0.9935419356271428	0.9930097719756247	0.9946110184579868	0.993720908686918	0.0006658433706777675	207	0.9960467639228285	0.9955924928678822	0.9959200865877955	0.9958531144595021	0.00019140619515683902
0.002555688222249349	0.00014946092047577733	0.025851090749104817	0.00027672050326388217	ball_tree	100	10	2	distance	{'algorithm': 'ball_tree', 'leaf_size': 100, 'n_neighbors': 10, 'p': 2, 'weights': 'distance'}	0.9979301802369103	0.9981764929891234	0.9982325434461701	0.998113072224068	0.00013133296783021168	120	1.0	1.0	1.0	1.0	0.0
0.0026830037434895835	0.00016327481919416737	0.039992968241373696	0.0010418902151518362	ball_tree	100	20	1	uniform	{'algorithm': 'ball_tree', 'leaf_size': 100, 'n_neighbors': 20, 'p': 1, 'weights': 'uniform'}	0.9804174911695873	0.9793954695488118	0.9833208148315006	0.9810445918499666	0.001662733761927581	237	0.9846820499586169	0.9835823635462282	0.9843384480769932	0.9842009538606128	0.00045935175051487755
0.0030466715494791665	0.0007739692927624552	0.04083561897277832	0.0016606669338628825	ball_tree	100	20	1	distance	{'algorithm': 'ball_tree', 'leaf_size': 100, 'n_neighbors': 20, 'p': 1, 'weights': 'distance'}	0.9956904096516123	0.9961179782713446	0.9966885011317834	0.9961656296849135	0.0004088599137511471	175	1.0	1.0	1.0	1.0	0.0
0.0024634202321370444	9.61819935672305e-05	0.0360711415608724	0.0010119120846683862	ball_tree	100	20	2	uniform	{'algorithm': 'ball_tree', 'leaf_size': 100, 'n_neighbors': 20, 'p': 2, 'weights': 'uniform'}	0.9804008872379804	0.9793800896119228	0.9833467227652081	0.9810425665383704	0.0016817369763823082	238	0.9846893804079496	0.9835889124533699	0.9843504698248943	0.9842095875620712	0.00046017626242403386
0.0024604002634684243	1.560058511147143e-05	0.03533180554707845	0.0005591233166968634	ball_tree	100	20	2	distance	{'algorithm': 'ball_tree', 'leaf_size': 100, 'n_neighbors': 20, 'p': 2, 'weights': 'distance'}	0.9956895953642063	0.9961162426562219	0.9966925893575593	0.9961661424593292	0.0004109880212675856	173	1.0	1.0	1.0	1.0	0.0
0.0049733320871988935	0.00034222661495608795	0.011881430943806967	0.0005354645740774496	kd_tree	1	1	1	uniform	{'algorithm': 'kd_tree', 'leaf_size': 1, 'n_neighbors': 1, 'p': 1, 'weights': 'uniform'}	0.9992425495640662	0.9992185868043166	0.9991335444489466	0.9991982269391099	4.677194218750778e-05	57	1.0	1.0	1.0	1.0	0.0
0.005095243453979492	0.0005395124291189856	0.011735836664835611	0.0008205921936918856	kd_tree	1	1	1	distance	{'algorithm': 'kd_tree', 'leaf_size': 1, 'n_neighbors': 1, 'p': 1, 'weights': 'distance'}	0.9992425495640662	0.9992185868043166	0.9991335444489466	0.9991982269391099	4.677194218750778e-05	57	1.0	1.0	1.0	1.0	0.0
0.004995981852213542	0.0003392791787661185	0.011793216069539389	0.0005385090356163309	kd_tree	1	1	2	uniform	{'algorithm': 'kd_tree', 'leaf_size': 1, 'n_neighbors': 1, 'p': 2, 'weights': 'uniform'}	0.9992425495640662	0.9992185868043166	0.9991335444489466	0.9991982269391099	4.677194218750778e-05	57	1.0	1.0	1.0	1.0	0.0
0.004870812098185222	0.0003756557074755532	0.01207590103149414	0.00020908108651030195	kd_tree	1	1	2	distance	{'algorithm': 'kd_tree', 'leaf_size': 1, 'n_neighbors': 1, 'p': 2, 'weights': 'distance'}	0.9992425495640662	0.9992185868043166	0.9991335444489466	0.9991982269391099	4.677194218750778e-05	57	1.0	1.0	1.0	1.0	0.0
0.0048189957936604815	0.00032415063221100874	0.016284624735514324	0.00044880659303717546	kd_tree	1	5	1	uniform	{'algorithm': 'kd_tree', 'leaf_size': 1, 'n_neighbors': 5, 'p': 1, 'weights': 'uniform'}	0.997672737390245	0.997737919662278	0.9980299482438367	0.9978135350987866	0.00015532368173103105	150	0.9989685659926095	0.9989743714330943	0.9990858723308687	0.9990096032521908	5.3982435764351645e-05
0.006430864334106445	0.0012818331100328021	0.023187557856241863	0.004896343464429669	kd_tree	1	5	1	distance	{'algorithm': 'kd_tree', 'leaf_size': 1, 'n_neighbors': 5, 'p': 1, 'weights': 'distance'}	0.9990050331926298	0.9990976653850672	0.9989997917754003	0.9990341634510324	4.495360447734087e-05	91	1.0	1.0	1.0	1.0	0.0
0.005548159281412761	0.0012482106571393304	0.020108938217163086	0.003934305300877855	kd_tree	1	5	2	uniform	{'algorithm': 'kd_tree', 'leaf_size': 1, 'n_neighbors': 5, 'p': 2, 'weights': 'uniform'}	0.9976727352965874	0.997748730150806	0.9980299482438367	0.9978171378970767	0.000153644583878977	147	0.9989685530424017	0.9989734799995241	0.9990858479857472	0.9990092936758911	5.41694286154522e-05
0.005001544952392578	0.00047226445801989156	0.01674175262451172	0.0006895725626212777	kd_tree	1	5	2	distance	{'algorithm': 'kd_tree', 'leaf_size': 1, 'n_neighbors': 5, 'p': 2, 'weights': 'distance'}	0.9990050425920869	0.999098251350715	0.9989997917754003	0.9990343619060674	4.52274888535675e-05	87	1.0	1.0	1.0	1.0	0.0
0.007230599721272786	0.00012555363739658208	0.03062884012858073	0.005118019876911367	kd_tree	1	10	1	uniform	{'algorithm': 'kd_tree', 'leaf_size': 1, 'n_neighbors': 10, 'p': 1, 'weights': 'uniform'}	0.9935440919014663	0.992999369385109	0.9946338600289345	0.9937257737718367	0.0006795322620274418	199	0.9960527797358874	0.9955972772518283	0.9959104341633266	0.9958534970503474	0.00019026648745340275
0.004929860432942708	0.000444936866164271	0.02265644073486328	0.00011097371126445502	kd_tree	1	10	1	distance	{'algorithm': 'kd_tree', 'leaf_size': 1, 'n_neighbors': 10, 'p': 1, 'weights': 'distance'}	0.9979358836974559	0.9981757595908316	0.9982399440136681	0.9981171957673185	0.0001308573269942513	103	1.0	1.0	1.0	1.0	0.0
0.004812558492024739	0.0002784384237282327	0.024081627527872723	0.0012576105737605952	kd_tree	1	10	2	uniform	{'algorithm': 'kd_tree', 'leaf_size': 1, 'n_neighbors': 10, 'p': 2, 'weights': 'uniform'}	0.9935452971675037	0.9929995108621401	0.9946336986877413	0.9937261689057951	0.0006793027806117068	197	0.9960532839093912	0.9955997266869174	0.9959092387343171	0.9958540831102086	0.00018922675227995612
0.004749695460001628	0.00012022166063191503	0.022961537043253582	0.0005266139624975614	kd_tree	1	10	2	distance	{'algorithm': 'kd_tree', 'leaf_size': 1, 'n_neighbors': 10, 'p': 2, 'weights': 'distance'}	0.9979359365947259	0.9981758000443149	0.9982398645538174	0.9981172003976194	0.00013081409206455993	101	1.0	1.0	1.0	1.0	0.0
0.004926204681396484	0.0002515767570688693	0.036599159240722656	0.0014445132623291394	kd_tree	1	20	1	uniform	{'algorithm': 'kd_tree', 'leaf_size': 1, 'n_neighbors': 20, 'p': 1, 'weights': 'uniform'}	0.980395872670347	0.9793784013672356	0.9833163208795429	0.9810301983057085	0.0016690474888610691	254	0.9847121160145763	0.9835802240737213	0.9843531652857465	0.9842151684580146	0.00047228323761007587
0.004744529724121094	5.651006530145799e-05	0.034694274266560875	0.0007492859431681247	kd_tree	1	20	1	distance	{'algorithm': 'kd_tree', 'leaf_size': 1, 'n_neighbors': 20, 'p': 1, 'weights': 'distance'}	0.995687197800503	0.9961165498767198	0.9966882457271804	0.9961639978014677	0.00041005098630004497	188	1.0	1.0	1.0	1.0	0.0
0.004870176315307617	0.00012061828175083253	0.03683718045552572	0.0024190479814946765	kd_tree	1	20	2	uniform	{'algorithm': 'kd_tree', 'leaf_size': 1, 'n_neighbors': 20, 'p': 2, 'weights': 'uniform'}	0.9803957390618008	0.9793769392572651	0.9833295218755624	0.9810340667315428	0.0016755743292147622	247	0.9847087224960336	0.9835804625221258	0.9843546270320832	0.9842146040167475	0.00047113159930699467
0.004795392354329427	0.00017951154615125075	0.037181695302327476	0.0029053200769079864	kd_tree	1	20	2	distance	{'algorithm': 'kd_tree', 'leaf_size': 1, 'n_neighbors': 20, 'p': 2, 'weights': 'distance'}	0.9956871989727174	0.9961164182797949	0.9966908215038899	0.9961648129188007	0.0004111537239546298	183	1.0	1.0	1.0	1.0	0.0
0.004044771194458008	0.00018830610705619733	0.007231473922729492	0.00021256733415101405	kd_tree	10	1	1	uniform	{'algorithm': 'kd_tree', 'leaf_size': 10, 'n_neighbors': 1, 'p': 1, 'weights': 'uniform'}	0.9992425286508438	0.9992540045892723	0.9991308283356224	0.9992091205252462	5.555882472819525e-05	49	1.0	1.0	1.0	1.0	0.0
0.003735701243082682	0.00014858589819943628	0.007680575052897136	0.0006753409935716314	kd_tree	10	1	1	distance	{'algorithm': 'kd_tree', 'leaf_size': 10, 'n_neighbors': 1, 'p': 1, 'weights': 'distance'}	0.999242528650844	0.9992540045892723	0.9991308283356224	0.9992091205252462	5.55588247282175e-05	49	1.0	1.0	1.0	1.0	0.0
0.004685878753662109	0.000770175636994616	0.008465131123860678	0.0015914151172816088	kd_tree	10	1	2	uniform	{'algorithm': 'kd_tree', 'leaf_size': 10, 'n_neighbors': 1, 'p': 2, 'weights': 'uniform'}	0.9992425286508438	0.9992540045892723	0.9991308283356224	0.9992091205252462	5.555882472819525e-05	49	1.0	1.0	1.0	1.0	0.0
0.003695249557495117	7.02392625941307e-05	0.008049647013346354	0.0013172180121229745	kd_tree	10	1	2	distance	{'algorithm': 'kd_tree', 'leaf_size': 10, 'n_neighbors': 1, 'p': 2, 'weights': 'distance'}	0.999242528650844	0.9992540045892723	0.9991308283356224	0.9992091205252462	5.55588247282175e-05	49	1.0	1.0	1.0	1.0	0.0
0.0038438638051350913	0.00025934925170896663	0.009357452392578125	3.4179612994112826e-05	kd_tree	10	5	1	uniform	{'algorithm': 'kd_tree', 'leaf_size': 10, 'n_neighbors': 5, 'p': 1, 'weights': 'uniform'}	0.9976608205098336	0.9977847256346699	0.9980317888429577	0.9978257783291538	0.00015420412627100975	138	0.9989665333240606	0.9989778542233234	0.9990881856020167	0.9990108577164669	5.487405035007455e-05
0.003944953282674153	0.0003352935180156645	0.010415792465209961	0.0009554348431176928	kd_tree	10	5	1	distance	{'algorithm': 'kd_tree', 'leaf_size': 10, 'n_neighbors': 5, 'p': 1, 'weights': 'distance'}	0.9990010505531164	0.999112668512984	0.9990082177021526	0.9990406455894177	5.101188192049028e-05	69	1.0	1.0	1.0	1.0	0.0
0.004653056462605794	0.00017067910037064642	0.009910504023234049	0.00029188201354493626	kd_tree	10	5	2	uniform	{'algorithm': 'kd_tree', 'leaf_size': 10, 'n_neighbors': 5, 'p': 2, 'weights': 'uniform'}	0.9976606948089339	0.9977847256346699	0.99803238753912	0.9978259359942413	0.0001545155692701199	136	0.9989665260485252	0.998977615280816	0.9990882445470435	0.9990107952921282	5.495169444397892e-05
0.004134178161621094	0.0003091744500223929	0.009819666544596354	0.0005000797474837789	kd_tree	10	5	2	distance	{'algorithm': 'kd_tree', 'leaf_size': 10, 'n_neighbors': 5, 'p': 2, 'weights': 'distance'}	0.9990008885090211	0.999112668512984	0.9990084567820684	0.9990406712680245	5.1003412634481765e-05	67	1.0	1.0	1.0	1.0	0.0
0.004151662190755208	0.0004008989009992371	0.012337764104207357	8.33816124641621e-05	kd_tree	10	10	1	uniform	{'algorithm': 'kd_tree', 'leaf_size': 10, 'n_neighbors': 10, 'p': 1, 'weights': 'uniform'}	0.9935256430010312	0.993001675942365	0.9946207573609815	0.9937160254347926	0.0006745567746508461	216	0.9960542073062381	0.9955819869563203	0.9959043346005518	0.99584684295437	0.00019702281044697454
0.0041150252024332685	0.00029577387619785607	0.01289526621500651	0.0007322979296232818	kd_tree	10	10	1	distance	{'algorithm': 'kd_tree', 'leaf_size': 10, 'n_neighbors': 10, 'p': 1, 'weights': 'distance'}	0.9979282832561713	0.9981755906391212	0.9982378524519366	0.9981139087824097	0.00013369557541226642	116	1.0	1.0	1.0	1.0	0.0
0.0037514368693033853	7.394316475529778e-05	0.012430111567179361	0.0008658950174871501	kd_tree	10	10	2	uniform	{'algorithm': 'kd_tree', 'leaf_size': 10, 'n_neighbors': 10, 'p': 2, 'weights': 'uniform'}	0.9935278400660221	0.9930019086061289	0.9946210835284817	0.9937169440668775	0.0006744143630581325	212	0.9960540291250106	0.9955821363809328	0.9959042551882253	0.9958468068980562	0.00019688561825050436
0.003690640131632487	8.343159073090939e-05	0.012153148651123047	0.0004493676458956222	kd_tree	10	10	2	distance	{'algorithm': 'kd_tree', 'leaf_size': 10, 'n_neighbors': 10, 'p': 2, 'weights': 'distance'}	0.9979287365503904	0.9981760030731873	0.9982377870366689	0.9981141755534155	0.0001335291039888367	113	1.0	1.0	1.0	1.0	0.0
0.004486878712972005	0.000964142651288794	0.01981512705485026	0.0012193047244477013	kd_tree	10	20	1	uniform	{'algorithm': 'kd_tree', 'leaf_size': 10, 'n_neighbors': 20, 'p': 1, 'weights': 'uniform'}	0.9803959628092669	0.9793959562424734	0.983300086114091	0.9810306683886104	0.001655837329561006	252	0.9846808502866912	0.9835708806648337	0.9843416535741603	0.9841977948418951	0.0004644205289019412
0.00369413693745931	2.0930501982150798e-05	0.018706878026326496	0.0004840289545256292	kd_tree	10	20	1	distance	{'algorithm': 'kd_tree', 'leaf_size': 10, 'n_neighbors': 20, 'p': 1, 'weights': 'distance'}	0.9956849907883757	0.9961198230098355	0.9966868443503291	0.9961638860495134	0.0004101900401024771	191	1.0	1.0	1.0	1.0	0.0
0.003984610239664714	0.00043457022685552114	0.02036587397257487	0.0026024335364961417	kd_tree	10	20	2	uniform	{'algorithm': 'kd_tree', 'leaf_size': 10, 'n_neighbors': 20, 'p': 2, 'weights': 'uniform'}	0.9803949507909618	0.9793954344462618	0.9833102322083582	0.9810335391485273	0.0016607742566530964	250	0.984681805753487	0.9835758159290302	0.984340202556284	0.984199274746267	0.00046238429808806886
0.004199504852294922	0.000114576107548664	0.017751216888427734	0.00034090244217414064	kd_tree	10	20	2	distance	{'algorithm': 'kd_tree', 'leaf_size': 10, 'n_neighbors': 20, 'p': 2, 'weights': 'distance'}	0.9956847826411983	0.9961198283232074	0.9966874806559699	0.9961640305401253	0.0004105412721372114	186	1.0	1.0	1.0	1.0	0.0
0.0029105345408121743	0.00011452852533955286	0.00845479965209961	0.0005749447433536824	kd_tree	50	1	1	uniform	{'algorithm': 'kd_tree', 'leaf_size': 50, 'n_neighbors': 1, 'p': 1, 'weights': 'uniform'}	0.9992463896878234	0.9992537185594481	0.9991285449667529	0.9992095510713415	5.7358055669559486e-05	33	1.0	1.0	1.0	1.0	0.0
0.003038326899210612	0.00018403076261630898	0.008425315221150717	0.0004295693842552069	kd_tree	50	1	1	distance	{'algorithm': 'kd_tree', 'leaf_size': 50, 'n_neighbors': 1, 'p': 1, 'weights': 'distance'}	0.9992463896878234	0.9992537185594481	0.9991285449667529	0.9992095510713415	5.7358055669559486e-05	33	1.0	1.0	1.0	1.0	0.0
0.0029334227244059243	0.00013532606252832324	0.007213592529296875	0.00024005479441363306	kd_tree	50	1	2	uniform	{'algorithm': 'kd_tree', 'leaf_size': 50, 'n_neighbors': 1, 'p': 2, 'weights': 'uniform'}	0.9992463896878234	0.9992537185594481	0.9991285449667529	0.9992095510713415	5.7358055669559486e-05	33	1.0	1.0	1.0	1.0	0.0
0.003847837448120117	0.0007026585328743192	0.008896986643473307	0.001743961208434771	kd_tree	50	1	2	distance	{'algorithm': 'kd_tree', 'leaf_size': 50, 'n_neighbors': 1, 'p': 2, 'weights': 'distance'}	0.9992463896878234	0.9992537185594481	0.9991285449667529	0.9992095510713415	5.7358055669559486e-05	33	1.0	1.0	1.0	1.0	0.0
0.0030020872751871743	0.00014043000480813656	0.010946353276570639	0.0004936058228381604	kd_tree	50	5	1	uniform	{'algorithm': 'kd_tree', 'leaf_size': 50, 'n_neighbors': 5, 'p': 1, 'weights': 'uniform'}	0.9976683110102083	0.9977447626046625	0.9980253663242786	0.9978128133130498	0.00015350417694747696	154	0.9989647839942302	0.9989704689426426	0.9990873604276413	0.9990075377881714	5.649082514637331e-05
0.00356292724609375	0.0007560603883415446	0.013144731521606445	0.0030924706012322293	kd_tree	50	5	1	distance	{'algorithm': 'kd_tree', 'leaf_size': 50, 'n_neighbors': 5, 'p': 1, 'weights': 'distance'}	0.9990019836059632	0.9991012756779387	0.9990003184506798	0.9990345259115272	4.7204107678042146e-05	85	1.0	1.0	1.0	1.0	0.0
0.002959171930948893	1.399625140047157e-05	0.010154644648234049	0.0005108438890639952	kd_tree	50	5	2	uniform	{'algorithm': 'kd_tree', 'leaf_size': 50, 'n_neighbors': 5, 'p': 2, 'weights': 'uniform'}	0.9976683126991824	0.9977450453560096	0.9980257933317921	0.997813050462328	0.00015365897638772616	152	0.9989657752766461	0.9989704932136563	0.9990874271017808	0.9990078985306944	5.626816712073789e-05
0.003500223159790039	0.0006929383243752807	0.009727875391642252	0.0002531259362605576	kd_tree	50	5	2	distance	{'algorithm': 'kd_tree', 'leaf_size': 50, 'n_neighbors': 5, 'p': 2, 'weights': 'distance'}	0.9990019842007853	0.9991013254257779	0.9990005200827126	0.9990346099030919	4.71787850336621e-05	83	1.0	1.0	1.0	1.0	0.0
0.003445704778035482	0.0008432117303831147	0.01550134023030599	0.002008416037580611	kd_tree	50	10	1	uniform	{'algorithm': 'kd_tree', 'leaf_size': 50, 'n_neighbors': 10, 'p': 1, 'weights': 'uniform'}	0.9935560813017437	0.9929777852885153	0.9946253041086808	0.9937197235663132	0.0006824776718032304	209	0.9960483829904674	0.9955847637445843	0.995914651950872	0.9958492662286412	0.00019483697594320683
0.003037532170613607	0.0001619368678198848	0.01369460423787435	0.0006659267602451799	kd_tree	50	10	1	distance	{'algorithm': 'kd_tree', 'leaf_size': 50, 'n_neighbors': 10, 'p': 1, 'weights': 'distance'}	0.9979381731202762	0.998173009123143	0.9982348928650918	0.9981153583695037	0.0001278106901821196	107	1.0	1.0	1.0	1.0	0.0
0.0029474099477132163	0.00011577136380911757	0.012755314509073893	0.0006687105306206837	kd_tree	50	10	2	uniform	{'algorithm': 'kd_tree', 'leaf_size': 50, 'n_neighbors': 10, 'p': 2, 'weights': 'uniform'}	0.9935544188834646	0.9929847637303166	0.9946090560639349	0.9937160795592387	0.0006728952503084833	214	0.9960486941099941	0.9955839826375142	0.995915487337767	0.9958493880284252	0.00019539025425236058
0.0035021305084228516	0.00045899471514010393	0.012648185094197592	0.00027784848353621283	kd_tree	50	10	2	distance	{'algorithm': 'kd_tree', 'leaf_size': 50, 'n_neighbors': 10, 'p': 2, 'weights': 'distance'}	0.9979379916690136	0.9981740087112634	0.998233432755936	0.9981151443787377	0.00012759340681304696	109	1.0	1.0	1.0	1.0	0.0
0.0029168923695882163	4.087532623283025e-05	0.020308812459309895	0.0009250704843205961	kd_tree	50	20	1	uniform	{'algorithm': 'kd_tree', 'leaf_size': 50, 'n_neighbors': 20, 'p': 1, 'weights': 'uniform'}	0.9804077654429577	0.9793994990456318	0.9832999673524693	0.9810357439470195	0.0016531144353076274	245	0.9847086564052187	0.9835783474332558	0.9843439441254005	0.9842103159879584	0.0004710215510725167
0.002945105234781901	0.00012550427880435295	0.019200642903645832	0.0007596025991077282	kd_tree	50	20	1	distance	{'algorithm': 'kd_tree', 'leaf_size': 50, 'n_neighbors': 20, 'p': 1, 'weights': 'distance'}	0.9956898608666428	0.9961192310906157	0.9966868945600873	0.9961653288391153	0.0004083403794862345	180	1.0	1.0	1.0	1.0	0.0
0.0030525525410970054	0.00025798038500985494	0.018372535705566406	0.0003112847118903994	kd_tree	50	20	2	uniform	{'algorithm': 'kd_tree', 'leaf_size': 50, 'n_neighbors': 20, 'p': 2, 'weights': 'uniform'}	0.9804108291487791	0.9793941602788184	0.9833041664054234	0.9810363852776737	0.0016564072225392428	243	0.9846944608305919	0.9835784522725832	0.9843478138807087	0.9842069089946279	0.00046637568231216477
0.0031092166900634766	0.00026043167604962024	0.017795403798421223	0.001016820670605236	kd_tree	50	20	2	distance	{'algorithm': 'kd_tree', 'leaf_size': 50, 'n_neighbors': 20, 'p': 2, 'weights': 'distance'}	0.9956912862706243	0.9961182037509502	0.9966871028016555	0.9961655309410767	0.0004079154635155884	176	1.0	1.0	1.0	1.0	0.0
0.0031780401865641275	0.00035747971821619806	0.010504722595214844	0.00011348139990926421	kd_tree	100	1	1	uniform	{'algorithm': 'kd_tree', 'leaf_size': 100, 'n_neighbors': 1, 'p': 1, 'weights': 'uniform'}	0.9992463893569739	0.9992540268519421	0.9991284447353966	0.9992096203147708	5.74844259917589e-05	21	1.0	1.0	1.0	1.0	0.0
0.0028266112009684243	0.00040826981702566826	0.010896762212117514	0.00035170667145318176	kd_tree	100	1	1	distance	{'algorithm': 'kd_tree', 'leaf_size': 100, 'n_neighbors': 1, 'p': 1, 'weights': 'distance'}	0.9992463893569739	0.9992540268519421	0.9991284447353966	0.9992096203147708	5.74844259917589e-05	21	1.0	1.0	1.0	1.0	0.0
0.0026127497355143228	5.586405032357004e-05	0.008913914362589518	0.0005207100096838252	kd_tree	100	1	2	uniform	{'algorithm': 'kd_tree', 'leaf_size': 100, 'n_neighbors': 1, 'p': 2, 'weights': 'uniform'}	0.9992463893569739	0.9992540268519421	0.9991284447353966	0.9992096203147708	5.74844259917589e-05	21	1.0	1.0	1.0	1.0	0.0
0.003108421961466471	0.0006330992865730667	0.012356917063395182	0.0026719367121715142	kd_tree	100	1	2	distance	{'algorithm': 'kd_tree', 'leaf_size': 100, 'n_neighbors': 1, 'p': 2, 'weights': 'distance'}	0.9992463893569739	0.9992540268519421	0.9991284447353966	0.9992096203147708	5.74844259917589e-05	21	1.0	1.0	1.0	1.0	0.0
0.002626816431681315	4.873714833677855e-05	0.01320497194925944	0.00020882576307340817	kd_tree	100	5	1	uniform	{'algorithm': 'kd_tree', 'leaf_size': 100, 'n_neighbors': 5, 'p': 1, 'weights': 'uniform'}	0.9976704754895214	0.9977553868498611	0.9980366902087255	0.9978208508493694	0.00015650869318594617	141	0.9989654787947749	0.9989677600270405	0.9990895282564809	0.9990075890260988	5.794726977678094e-05
0.003753185272216797	0.0003170720308303624	0.017948230107625324	0.003543000587420138	kd_tree	100	5	1	distance	{'algorithm': 'kd_tree', 'leaf_size': 100, 'n_neighbors': 5, 'p': 1, 'weights': 'distance'}	0.9990037698542662	0.9991033971687402	0.9990036951122931	0.9990369540450997	4.6982393197916844e-05	76	1.0	1.0	1.0	1.0	0.0
0.0026551087697347007	0.00018638928896644872	0.012193123499552408	0.0006030915763157485	kd_tree	100	5	2	uniform	{'algorithm': 'kd_tree', 'leaf_size': 100, 'n_neighbors': 5, 'p': 2, 'weights': 'uniform'}	0.9976679596132172	0.9977522935478152	0.9980374106560056	0.997819221272346	0.00015807805769620944	144	0.9989665814292807	0.9989620458397184	0.9990897897803183	0.9990061390164392	5.917899749258893e-05
0.002791881561279297	0.0002869356125921056	0.01259462038675944	0.0009923887908987537	kd_tree	100	5	2	distance	{'algorithm': 'kd_tree', 'leaf_size': 100, 'n_neighbors': 5, 'p': 2, 'weights': 'distance'}	0.9990035109449871	0.9991019173964144	0.9990039772650876	0.9990364685354963	4.62797249358816e-05	79	1.0	1.0	1.0	1.0	0.0
0.0026018619537353516	7.602699585709655e-05	0.017925341924031574	0.0009439155917583154	kd_tree	100	10	1	uniform	{'algorithm': 'kd_tree', 'leaf_size': 100, 'n_neighbors': 10, 'p': 1, 'weights': 'uniform'}	0.9935374767726789	0.9930169973750254	0.9946174647528474	0.9937239796335172	0.0006665640477822581	201	0.996047673444379	0.9955839077701082	0.9959098337335945	0.9958471383160271	0.00019445254210373475
0.0025516351064046225	3.251440505136401e-05	0.016750892003377277	0.0003364443694280345	kd_tree	100	10	1	distance	{'algorithm': 'kd_tree', 'leaf_size': 100, 'n_neighbors': 10, 'p': 1, 'weights': 'distance'}	0.9979289430858042	0.9981771812597465	0.9982325894231918	0.9981129045895809	0.0001320325522940657	121	1.0	1.0	1.0	1.0	0.0
0.0025725364685058594	2.903686422732452e-05	0.015037139256795248	0.0003786929881779892	kd_tree	100	10	2	uniform	{'algorithm': 'kd_tree', 'leaf_size': 100, 'n_neighbors': 10, 'p': 2, 'weights': 'uniform'}	0.9935424679151951	0.9930106955089664	0.9946106999310184	0.99372128778506	0.0006653249567143099	205	0.9960459115264175	0.9955779792622431	0.9959186269195615	0.9958475059027408	0.00019754121973073678
0.002855380376180013	0.000454259177303715	0.015325705210367838	0.0008584985769164293	kd_tree	100	10	2	distance	{'algorithm': 'kd_tree', 'leaf_size': 100, 'n_neighbors': 10, 'p': 2, 'weights': 'distance'}	0.9979301760909006	0.9981770866399896	0.9982324917452862	0.9981132514920588	0.0001314150760127392	118	1.0	1.0	1.0	1.0	0.0
0.0025753180185953775	3.142204515734963e-05	0.023797988891601562	0.00128721928106055	kd_tree	100	20	1	uniform	{'algorithm': 'kd_tree', 'leaf_size': 100, 'n_neighbors': 20, 'p': 1, 'weights': 'uniform'}	0.9804149251365621	0.9793973289066715	0.983332147735241	0.9810481339261582	0.0016676160293130162	229	0.9847023929543588	0.9835828887272923	0.9843355305644983	0.9842069374153831	0.000465993259682636
0.002653201421101888	0.00011653772893829324	0.022577524185180664	0.0006484800399218489	kd_tree	100	20	1	distance	{'algorithm': 'kd_tree', 'leaf_size': 100, 'n_neighbors': 20, 'p': 1, 'weights': 'distance'}	0.9956905039039856	0.996118390756462	0.9966898409002414	0.9961662451868963	0.00040937850693094656	171	1.0	1.0	1.0	1.0	0.0
0.0030655860900878906	0.00045615927520018906	0.02389240264892578	0.0015855883919798331	kd_tree	100	20	2	uniform	{'algorithm': 'kd_tree', 'leaf_size': 100, 'n_neighbors': 20, 'p': 2, 'weights': 'uniform'}	0.9804082263899185	0.9793849203306082	0.9833477718993913	0.981046972873306	0.001679691626773893	235	0.9846944313866286	0.9835891399874618	0.9843540713365384	0.9842125475702096	0.0004621969288769704
0.0028754075368245444	0.00023245590024148816	0.02356878916422526	0.00047577470724543565	kd_tree	100	20	2	distance	{'algorithm': 'kd_tree', 'leaf_size': 100, 'n_neighbors': 20, 'p': 2, 'weights': 'distance'}	0.9956910420200142	0.9961168975190237	0.9966921460079616	0.9961666951823331	0.00041021307806582663	165	1.0	1.0	1.0	1.0	0.0
0.0010340213775634766	0.0003120964465856474	0.05494372049967448	0.0005213484894529655	brute	1	1	1	uniform	{'algorithm': 'brute', 'leaf_size': 1, 'n_neighbors': 1, 'p': 1, 'weights': 'uniform'}	0.9992550529273889	0.9992530517364409	0.9991277366365323	0.9992119471001207	5.955139418815927e-05	5	1.0	1.0	1.0	1.0	0.0
0.0018662611643473308	0.0010064126223293343	0.10773428281148274	0.03202224016751886	brute	1	1	1	distance	{'algorithm': 'brute', 'leaf_size': 1, 'n_neighbors': 1, 'p': 1, 'weights': 'distance'}	0.9992550529273889	0.9992530517364409	0.9991277366365323	0.9992119471001207	5.955139418815927e-05	5	1.0	1.0	1.0	1.0	0.0
0.0011774698893229167	0.00012820186723010274	0.15212146441141763	0.028599583230687304	brute	1	1	2	uniform	{'algorithm': 'brute', 'leaf_size': 1, 'n_neighbors': 1, 'p': 2, 'weights': 'uniform'}	0.999261409639975	0.999233671199197	0.9991370053386495	0.9992106953926072	5.332306138632929e-05	13	1.0	1.0	1.0	1.0	0.0
0.0013298193613688152	0.000470415438038278	0.14078386624654135	0.024340427836406168	brute	1	1	2	distance	{'algorithm': 'brute', 'leaf_size': 1, 'n_neighbors': 1, 'p': 2, 'weights': 'distance'}	0.999261409639975	0.999233671199197	0.9991370053386495	0.9992106953926072	5.332306138632929e-05	13	1.0	1.0	1.0	1.0	0.0
0.001100619633992513	0.00033762665542320003	0.12065672874450684	0.007205083770608587	brute	1	5	1	uniform	{'algorithm': 'brute', 'leaf_size': 1, 'n_neighbors': 5, 'p': 1, 'weights': 'uniform'}	0.9976739325989223	0.9977747958472761	0.9980353008987579	0.9978280097816521	0.0001522510079667633	129	0.998966935199717	0.9989887225071302	0.9990839075964022	0.9990131884344166	5.079088891425969e-05
0.0014185110727945964	0.00027049799362361917	0.12078054745992024	0.007359775198881583	brute	1	5	1	distance	{'algorithm': 'brute', 'leaf_size': 1, 'n_neighbors': 5, 'p': 1, 'weights': 'distance'}	0.9990068859939388	0.9991032302381951	0.999005266459119	0.9990384608970843	4.580361255188123e-05	72	1.0	1.0	1.0	1.0	0.0
0.0009411970774332682	5.150773313353116e-05	0.17184162139892578	0.01876481203086497	brute	1	5	2	uniform	{'algorithm': 'brute', 'leaf_size': 1, 'n_neighbors': 5, 'p': 2, 'weights': 'uniform'}	0.9976561512685543	0.9977405954955396	0.9980354355513282	0.9978107274384741	0.00016258948070656796	157	0.9989680104001686	0.9990093528710164	0.9990932418383895	0.999023535036525	5.209976739297883e-05
0.0010585784912109375	0.0002648265602721229	0.1697218418121338	0.019562309719490432	brute	1	5	2	distance	{'algorithm': 'brute', 'leaf_size': 1, 'n_neighbors': 5, 'p': 2, 'weights': 'distance'}	0.9989911087737904	0.9991038619566773	0.9990047625914726	0.9990332444406468	5.024428234183115e-05	93	1.0	1.0	1.0	1.0	0.0
0.001390218734741211	0.00033322491488093167	0.1633600393931071	0.04248016528465118	brute	1	10	1	uniform	{'algorithm': 'brute', 'leaf_size': 1, 'n_neighbors': 10, 'p': 1, 'weights': 'uniform'}	0.9935081522512302	0.9930189025767795	0.9946009573719332	0.9937093373999811	0.0006613526249415483	220	0.9960564597307223	0.9955988095893382	0.9959073950377642	0.9958542214526083	0.0001905806663786106
0.0011434555053710938	0.0004220057790727468	0.16954747835795084	0.03250350500720097	brute	1	10	1	distance	{'algorithm': 'brute', 'leaf_size': 1, 'n_neighbors': 10, 'p': 1, 'weights': 'distance'}	0.9979222337705347	0.9981785267582608	0.9982322228431671	0.9981109944573209	0.0001352621283300543	125	1.0	1.0	1.0	1.0	0.0
0.0009113947550455729	0.00010209315056482236	0.20112236340840658	0.03523977647783019	brute	1	10	2	uniform	{'algorithm': 'brute', 'leaf_size': 1, 'n_neighbors': 10, 'p': 2, 'weights': 'uniform'}	0.9935580152364911	0.9930348978515052	0.9946558675846547	0.9937495935575503	0.0006754812648631144	193	0.9960449191902354	0.9955974233501858	0.9959522127082052	0.9958648517495421	0.0001928506927467272
0.0017143885294596355	0.00042415991238194296	0.20387864112854004	0.03502800456926429	brute	1	10	2	distance	{'algorithm': 'brute', 'leaf_size': 1, 'n_neighbors': 10, 'p': 2, 'weights': 'distance'}	0.9979329681622509	0.9981860601217412	0.9982450562475474	0.9981213615105132	0.00013537399052783992	97	1.0	1.0	1.0	1.0	0.0
0.0009620189666748047	0.0001746097764611007	0.13949664433797201	0.02469784578180211	brute	1	20	1	uniform	{'algorithm': 'brute', 'leaf_size': 1, 'n_neighbors': 20, 'p': 1, 'weights': 'uniform'}	0.9804488648599216	0.9793954719726823	0.9833191046814808	0.9810544805046949	0.001658071397796038	225	0.9846928378906467	0.9835959662324971	0.9843391683179872	0.9842093241470437	0.00045711157657544695
0.0010897318522135417	0.00013875009963671745	0.1604944864908854	0.04994380870316079	brute	1	20	1	distance	{'algorithm': 'brute', 'leaf_size': 1, 'n_neighbors': 20, 'p': 1, 'weights': 'distance'}	0.995693439312719	0.9961176878576722	0.9966906826911881	0.9961672699538598	0.0004086297241365486	161	1.0	1.0	1.0	1.0	0.0
0.0008685588836669922	5.1263875592593236e-05	0.1820544401804606	0.02523624608536114	brute	1	20	2	uniform	{'algorithm': 'brute', 'leaf_size': 1, 'n_neighbors': 20, 'p': 2, 'weights': 'uniform'}	0.980394904520488	0.9794145324194465	0.9833335138652342	0.9810476502683896	0.0016651649871528334	231	0.9847081351250678	0.9835885136712277	0.9843406268944208	0.9842124252302388	0.000465986265891363
0.0009447733561197916	6.37615067264019e-05	0.21663777033487955	0.026083197456554998	brute	1	20	2	distance	{'algorithm': 'brute', 'leaf_size': 1, 'n_neighbors': 20, 'p': 2, 'weights': 'distance'}	0.9956903217546937	0.9961201915137352	0.9966890668763395	0.9961665267149229	0.0004090502557996425	167	1.0	1.0	1.0	1.0	0.0
0.0012938181559244792	0.00034203521565366216	0.10181903839111328	0.03501285759261113	brute	10	1	1	uniform	{'algorithm': 'brute', 'leaf_size': 10, 'n_neighbors': 1, 'p': 1, 'weights': 'uniform'}	0.9992550529273889	0.9992530517364409	0.9991277366365323	0.9992119471001207	5.955139418815927e-05	5	1.0	1.0	1.0	1.0	0.0
0.0011868476867675781	0.00012531037983901262	0.059309800465901695	0.007401249227496738	brute	10	1	1	distance	{'algorithm': 'brute', 'leaf_size': 10, 'n_neighbors': 1, 'p': 1, 'weights': 'distance'}	0.9992550529273889	0.9992530517364409	0.9991277366365323	0.9992119471001207	5.955139418815927e-05	5	1.0	1.0	1.0	1.0	0.0
0.0009145736694335938	3.7839264393994316e-05	0.14882191022237143	0.012688330042994663	brute	10	1	2	uniform	{'algorithm': 'brute', 'leaf_size': 10, 'n_neighbors': 1, 'p': 2, 'weights': 'uniform'}	0.999261409639975	0.999233671199197	0.9991370053386495	0.9992106953926072	5.332306138632929e-05	13	1.0	1.0	1.0	1.0	0.0
0.0018883546193440754	0.0005887953078981253	0.18003424008687338	0.009527914739852192	brute	10	1	2	distance	{'algorithm': 'brute', 'leaf_size': 10, 'n_neighbors': 1, 'p': 2, 'weights': 'distance'}	0.999261409639975	0.999233671199197	0.9991370053386495	0.9992106953926072	5.332306138632929e-05	13	1.0	1.0	1.0	1.0	0.0
0.0010152657826741536	0.00011927814614302718	0.1213084061940511	0.007447679975669383	brute	10	5	1	uniform	{'algorithm': 'brute', 'leaf_size': 10, 'n_neighbors': 5, 'p': 1, 'weights': 'uniform'}	0.9976739325989223	0.9977747958472761	0.9980353008987579	0.9978280097816521	0.0001522510079667633	129	0.998966935199717	0.9989887225071302	0.9990839075964022	0.9990131884344166	5.079088891425969e-05
0.0011303424835205078	0.00020811124256242655	0.11640262603759766	0.0017126619362677854	brute	10	5	1	distance	{'algorithm': 'brute', 'leaf_size': 10, 'n_neighbors': 5, 'p': 1, 'weights': 'distance'}	0.9990068859939388	0.9991032302381951	0.999005266459119	0.9990384608970843	4.580361255188123e-05	72	1.0	1.0	1.0	1.0	0.0
0.001260201136271159	0.0002756829080418958	0.19923551877339682	0.015702294034236383	brute	10	5	2	uniform	{'algorithm': 'brute', 'leaf_size': 10, 'n_neighbors': 5, 'p': 2, 'weights': 'uniform'}	0.9976561512685543	0.9977405954955396	0.9980354355513282	0.9978107274384741	0.00016258948070656796	157	0.9989680104001686	0.9990093528710164	0.9990932418383895	0.999023535036525	5.209976739297883e-05
0.0016622543334960938	0.00028687274034044533	0.2120050589243571	0.0220939895827639	brute	10	5	2	distance	{'algorithm': 'brute', 'leaf_size': 10, 'n_neighbors': 5, 'p': 2, 'weights': 'distance'}	0.9989911087737904	0.9991038619566773	0.9990047625914726	0.9990332444406468	5.024428234183115e-05	93	1.0	1.0	1.0	1.0	0.0
0.000989675521850586	0.00011624317817006775	0.1175247033437093	0.0013947860779781522	brute	10	10	1	uniform	{'algorithm': 'brute', 'leaf_size': 10, 'n_neighbors': 10, 'p': 1, 'weights': 'uniform'}	0.9935081522512302	0.9930189025767795	0.9946009573719332	0.9937093373999811	0.0006613526249415483	220	0.9960564597307223	0.9955988095893382	0.9959073950377642	0.9958542214526083	0.0001905806663786106
0.0009749730428059896	0.0001500752739265378	0.11760338147481282	0.0015044878630704219	brute	10	10	1	distance	{'algorithm': 'brute', 'leaf_size': 10, 'n_neighbors': 10, 'p': 1, 'weights': 'distance'}	0.9979222337705347	0.9981785267582608	0.9982322228431671	0.9981109944573209	0.0001352621283300543	125	1.0	1.0	1.0	1.0	0.0
0.0011945565541585286	0.00040658388033362145	0.19350210825602213	0.04342998557403856	brute	10	10	2	uniform	{'algorithm': 'brute', 'leaf_size': 10, 'n_neighbors': 10, 'p': 2, 'weights': 'uniform'}	0.9935580152364911	0.9930348978515052	0.9946558675846547	0.9937495935575503	0.0006754812648631144	193	0.9960449191902354	0.9955974233501858	0.9959522127082052	0.9958648517495421	0.0001928506927467272
0.0012993017832438152	0.0001690536614123064	0.20777177810668945	0.036618279443224024	brute	10	10	2	distance	{'algorithm': 'brute', 'leaf_size': 10, 'n_neighbors': 10, 'p': 2, 'weights': 'distance'}	0.9979329681622509	0.9981860601217412	0.9982450562475474	0.9981213615105132	0.00013537399052783992	97	1.0	1.0	1.0	1.0	0.0
0.0015106201171875	0.0006211268754776845	0.1424266497294108	0.03243698306684162	brute	10	20	1	uniform	{'algorithm': 'brute', 'leaf_size': 10, 'n_neighbors': 20, 'p': 1, 'weights': 'uniform'}	0.9804488648599216	0.9793954719726823	0.9833191046814808	0.9810544805046949	0.001658071397796038	225	0.9846928378906467	0.9835959662324971	0.9843391683179872	0.9842093241470437	0.00045711157657544695
0.0009958744049072266	0.00015156272386417823	0.13087360064188638	0.009627296194175699	brute	10	20	1	distance	{'algorithm': 'brute', 'leaf_size': 10, 'n_neighbors': 20, 'p': 1, 'weights': 'distance'}	0.995693439312719	0.9961176878576722	0.9966906826911881	0.9961672699538598	0.0004086297241365486	161	1.0	1.0	1.0	1.0	0.0
0.0014801820119222004	0.00010765196563143566	0.1922877629597982	0.02599183956172333	brute	10	20	2	uniform	{'algorithm': 'brute', 'leaf_size': 10, 'n_neighbors': 20, 'p': 2, 'weights': 'uniform'}	0.980394904520488	0.9794145324194465	0.9833335138652342	0.9810476502683896	0.0016651649871528334	231	0.9847081351250678	0.9835885136712277	0.9843406268944208	0.9842124252302388	0.000465986265891363
0.002231438954671224	0.0006929868676477291	0.19553454717000326	0.012323069432525641	brute	10	20	2	distance	{'algorithm': 'brute', 'leaf_size': 10, 'n_neighbors': 20, 'p': 2, 'weights': 'distance'}	0.9956903217546937	0.9961201915137352	0.9966890668763395	0.9961665267149229	0.0004090502557996425	167	1.0	1.0	1.0	1.0	0.0
0.0012566248575846355	0.00040080105402102946	0.06361118952433269	0.0075207420542316075	brute	50	1	1	uniform	{'algorithm': 'brute', 'leaf_size': 50, 'n_neighbors': 1, 'p': 1, 'weights': 'uniform'}	0.9992550529273889	0.9992530517364409	0.9991277366365323	0.9992119471001207	5.955139418815927e-05	5	1.0	1.0	1.0	1.0	0.0
0.0009842713673909504	3.7257602183336886e-05	0.06911849975585938	0.003108619568566595	brute	50	1	1	distance	{'algorithm': 'brute', 'leaf_size': 50, 'n_neighbors': 1, 'p': 1, 'weights': 'distance'}	0.9992550529273889	0.9992530517364409	0.9991277366365323	0.9992119471001207	5.955139418815927e-05	5	1.0	1.0	1.0	1.0	0.0
0.0018651485443115234	0.0006376630777143585	0.1557950178782145	0.02159936989994109	brute	50	1	2	uniform	{'algorithm': 'brute', 'leaf_size': 50, 'n_neighbors': 1, 'p': 2, 'weights': 'uniform'}	0.999261409639975	0.999233671199197	0.9991370053386495	0.9992106953926072	5.332306138632929e-05	13	1.0	1.0	1.0	1.0	0.0
0.0013053417205810547	0.00045064302866308257	0.15874505043029785	0.019262678270273	brute	50	1	2	distance	{'algorithm': 'brute', 'leaf_size': 50, 'n_neighbors': 1, 'p': 2, 'weights': 'distance'}	0.999261409639975	0.999233671199197	0.9991370053386495	0.9992106953926072	5.332306138632929e-05	13	1.0	1.0	1.0	1.0	0.0
0.0013612111409505208	0.00048600289950915545	0.12979372342427573	0.014097751670379757	brute	50	5	1	uniform	{'algorithm': 'brute', 'leaf_size': 50, 'n_neighbors': 5, 'p': 1, 'weights': 'uniform'}	0.9976739325989223	0.9977747958472761	0.9980353008987579	0.9978280097816521	0.0001522510079667633	129	0.998966935199717	0.9989887225071302	0.9990839075964022	0.9990131884344166	5.079088891425969e-05
0.0012166500091552734	0.00018197070602022638	0.12779752413431802	0.010130315497911404	brute	50	5	1	distance	{'algorithm': 'brute', 'leaf_size': 50, 'n_neighbors': 5, 'p': 1, 'weights': 'distance'}	0.9990068859939388	0.9991032302381951	0.999005266459119	0.9990384608970843	4.580361255188123e-05	72	1.0	1.0	1.0	1.0	0.0
0.0014626185099283855	0.0002646678431331361	0.20011250178019205	0.025827488849050655	brute	50	5	2	uniform	{'algorithm': 'brute', 'leaf_size': 50, 'n_neighbors': 5, 'p': 2, 'weights': 'uniform'}	0.9976561512685543	0.9977405954955396	0.9980354355513282	0.9978107274384741	0.00016258948070656796	157	0.9989680104001686	0.9990093528710164	0.9990932418383895	0.999023535036525	5.209976739297883e-05
0.0017269452412923176	0.0002897275504774765	0.1886453628540039	0.01735224866584157	brute	50	5	2	distance	{'algorithm': 'brute', 'leaf_size': 50, 'n_neighbors': 5, 'p': 2, 'weights': 'distance'}	0.9989911087737904	0.9991038619566773	0.9990047625914726	0.9990332444406468	5.024428234183115e-05	93	1.0	1.0	1.0	1.0	0.0
0.004515488942464192	0.0050886840311088555	0.13222567240397134	0.022065113541830994	brute	50	10	1	uniform	{'algorithm': 'brute', 'leaf_size': 50, 'n_neighbors': 10, 'p': 1, 'weights': 'uniform'}	0.9935081522512302	0.9930189025767795	0.9946009573719332	0.9937093373999811	0.0006613526249415483	220	0.9960564597307223	0.9955988095893382	0.9959073950377642	0.9958542214526083	0.0001905806663786106
0.0010124047597249348	7.456731376672223e-05	0.11671837170918782	0.0026747300204205586	brute	50	10	1	distance	{'algorithm': 'brute', 'leaf_size': 50, 'n_neighbors': 10, 'p': 1, 'weights': 'distance'}	0.9979222337705347	0.9981785267582608	0.9982322228431671	0.9981109944573209	0.0001352621283300543	125	1.0	1.0	1.0	1.0	0.0
0.0014667510986328125	0.00034024578346407745	0.20291876792907715	0.012592196618961085	brute	50	10	2	uniform	{'algorithm': 'brute', 'leaf_size': 50, 'n_neighbors': 10, 'p': 2, 'weights': 'uniform'}	0.9935580152364911	0.9930348978515052	0.9946558675846547	0.9937495935575503	0.0006754812648631144	193	0.9960449191902354	0.9955974233501858	0.9959522127082052	0.9958648517495421	0.0001928506927467272
0.0012035369873046875	0.00024411648703002455	0.21480806668599448	0.015858501632306767	brute	50	10	2	distance	{'algorithm': 'brute', 'leaf_size': 50, 'n_neighbors': 10, 'p': 2, 'weights': 'distance'}	0.9979329681622509	0.9981860601217412	0.9982450562475474	0.9981213615105132	0.00013537399052783992	97	1.0	1.0	1.0	1.0	0.0
0.0015506744384765625	0.0001632320690476905	0.12916119893391928	0.0027417498756213475	brute	50	20	1	uniform	{'algorithm': 'brute', 'leaf_size': 50, 'n_neighbors': 20, 'p': 1, 'weights': 'uniform'}	0.9804488648599216	0.9793954719726823	0.9833191046814808	0.9810544805046949	0.001658071397796038	225	0.9846928378906467	0.9835959662324971	0.9843391683179872	0.9842093241470437	0.00045711157657544695
0.0013252894083658855	0.00010846173354311623	0.13544487953186035	0.009269857217462275	brute	50	20	1	distance	{'algorithm': 'brute', 'leaf_size': 50, 'n_neighbors': 20, 'p': 1, 'weights': 'distance'}	0.995693439312719	0.9961176878576722	0.9966906826911881	0.9961672699538598	0.0004086297241365486	161	1.0	1.0	1.0	1.0	0.0
0.0023987293243408203	0.0013459281147000064	0.23911404609680176	0.0011985270115850684	brute	50	20	2	uniform	{'algorithm': 'brute', 'leaf_size': 50, 'n_neighbors': 20, 'p': 2, 'weights': 'uniform'}	0.980394904520488	0.9794145324194465	0.9833335138652342	0.9810476502683896	0.0016651649871528334	231	0.9847081351250678	0.9835885136712277	0.9843406268944208	0.9842124252302388	0.000465986265891363
0.0034089088439941406	0.0024702871556650805	0.23263812065124512	0.010779854397805528	brute	50	20	2	distance	{'algorithm': 'brute', 'leaf_size': 50, 'n_neighbors': 20, 'p': 2, 'weights': 'distance'}	0.9956903217546937	0.9961201915137352	0.9966890668763395	0.9961665267149229	0.0004090502557996425	167	1.0	1.0	1.0	1.0	0.0
0.0013221104939778645	0.0003684572451626739	0.06577150026957194	0.0010397419807639645	brute	100	1	1	uniform	{'algorithm': 'brute', 'leaf_size': 100, 'n_neighbors': 1, 'p': 1, 'weights': 'uniform'}	0.9992550529273889	0.9992530517364409	0.9991277366365323	0.9992119471001207	5.955139418815927e-05	5	1.0	1.0	1.0	1.0	0.0
0.0011357466379801433	0.0002879000405033332	0.06659237543741862	0.001500546082905	brute	100	1	1	distance	{'algorithm': 'brute', 'leaf_size': 100, 'n_neighbors': 1, 'p': 1, 'weights': 'distance'}	0.9992550529273889	0.9992530517364409	0.9991277366365323	0.9992119471001207	5.955139418815927e-05	5	1.0	1.0	1.0	1.0	0.0
0.002111196517944336	0.001327338520443293	0.1618486245473226	0.0018931704435121938	brute	100	1	2	uniform	{'algorithm': 'brute', 'leaf_size': 100, 'n_neighbors': 1, 'p': 2, 'weights': 'uniform'}	0.999261409639975	0.999233671199197	0.9991370053386495	0.9992106953926072	5.332306138632929e-05	13	1.0	1.0	1.0	1.0	0.0
0.0023921330769856772	0.0011625117528932642	0.16028753916422525	0.004953147127819782	brute	100	1	2	distance	{'algorithm': 'brute', 'leaf_size': 100, 'n_neighbors': 1, 'p': 2, 'weights': 'distance'}	0.999261409639975	0.999233671199197	0.9991370053386495	0.9992106953926072	5.332306138632929e-05	13	1.0	1.0	1.0	1.0	0.0
0.0011707146962483723	0.0002792589216660631	0.11991683642069499	0.0013680393849603255	brute	100	5	1	uniform	{'algorithm': 'brute', 'leaf_size': 100, 'n_neighbors': 5, 'p': 1, 'weights': 'uniform'}	0.9976739325989223	0.9977747958472761	0.9980353008987579	0.9978280097816521	0.0001522510079667633	129	0.998966935199717	0.9989887225071302	0.9990839075964022	0.9990131884344166	5.079088891425969e-05
0.0011039574940999348	5.316835287491436e-05	0.12759296099344888	0.007009741186491555	brute	100	5	1	distance	{'algorithm': 'brute', 'leaf_size': 100, 'n_neighbors': 5, 'p': 1, 'weights': 'distance'}	0.9990068859939388	0.9991032302381951	0.999005266459119	0.9990384608970843	4.580361255188123e-05	72	1.0	1.0	1.0	1.0	0.0
0.0046387513478597	0.004699719615511058	0.2563923199971517	0.02944749783694737	brute	100	5	2	uniform	{'algorithm': 'brute', 'leaf_size': 100, 'n_neighbors': 5, 'p': 2, 'weights': 'uniform'}	0.9976561512685543	0.9977405954955396	0.9980354355513282	0.9978107274384741	0.00016258948070656796	157	0.9989680104001686	0.9990093528710164	0.9990932418383895	0.999023535036525	5.209976739297883e-05
0.0013349056243896484	0.0001621938071687121	0.24425697326660156	0.013630837701769413	brute	100	5	2	distance	{'algorithm': 'brute', 'leaf_size': 100, 'n_neighbors': 5, 'p': 2, 'weights': 'distance'}	0.9989911087737904	0.9991038619566773	0.9990047625914726	0.9990332444406468	5.024428234183115e-05	93	1.0	1.0	1.0	1.0	0.0
0.0014349619547526042	0.00013206772948276866	0.14833315213521323	0.02212078089743559	brute	100	10	1	uniform	{'algorithm': 'brute', 'leaf_size': 100, 'n_neighbors': 10, 'p': 1, 'weights': 'uniform'}	0.9935081522512302	0.9930189025767795	0.9946009573719332	0.9937093373999811	0.0006613526249415483	220	0.9960564597307223	0.9955988095893382	0.9959073950377642	0.9958542214526083	0.0001905806663786106
0.0011191368103027344	0.0001793875500712913	0.11731894810994466	0.0016246810966359189	brute	100	10	1	distance	{'algorithm': 'brute', 'leaf_size': 100, 'n_neighbors': 10, 'p': 1, 'weights': 'distance'}	0.9979222337705347	0.9981785267582608	0.9982322228431671	0.9981109944573209	0.0001352621283300543	125	1.0	1.0	1.0	1.0	0.0
0.0013347466786702473	0.0005460954986943292	0.215313990910848	0.016425610524538777	brute	100	10	2	uniform	{'algorithm': 'brute', 'leaf_size': 100, 'n_neighbors': 10, 'p': 2, 'weights': 'uniform'}	0.9935580152364911	0.9930348978515052	0.9946558675846547	0.9937495935575503	0.0006754812648631144	193	0.9960449191902354	0.9955974233501858	0.9959522127082052	0.9958648517495421	0.0001928506927467272
0.0022666454315185547	0.0010485909497629127	0.21369314193725586	0.01851160994521657	brute	100	10	2	distance	{'algorithm': 'brute', 'leaf_size': 100, 'n_neighbors': 10, 'p': 2, 'weights': 'distance'}	0.9979329681622509	0.9981860601217412	0.9982450562475474	0.9981213615105132	0.00013537399052783992	97	1.0	1.0	1.0	1.0	0.0
0.0010023117065429688	3.498665719597458e-05	0.12956531842549643	0.01125896417262196	brute	100	20	1	uniform	{'algorithm': 'brute', 'leaf_size': 100, 'n_neighbors': 20, 'p': 1, 'weights': 'uniform'}	0.9804488648599216	0.9793954719726823	0.9833191046814808	0.9810544805046949	0.001658071397796038	225	0.9846928378906467	0.9835959662324971	0.9843391683179872	0.9842093241470437	0.00045711157657544695
0.001451571782430013	6.229871338347633e-05	0.1463005542755127	0.006593442629859228	brute	100	20	1	distance	{'algorithm': 'brute', 'leaf_size': 100, 'n_neighbors': 20, 'p': 1, 'weights': 'distance'}	0.995693439312719	0.9961176878576722	0.9966906826911881	0.9961672699538598	0.0004086297241365486	161	1.0	1.0	1.0	1.0	0.0
0.0014388561248779297	0.0005025217040617543	0.2192697525024414	0.02428377422586057	brute	100	20	2	uniform	{'algorithm': 'brute', 'leaf_size': 100, 'n_neighbors': 20, 'p': 2, 'weights': 'uniform'}	0.980394904520488	0.9794145324194465	0.9833335138652342	0.9810476502683896	0.0016651649871528334	231	0.9847081351250678	0.9835885136712277	0.9843406268944208	0.9842124252302388	0.000465986265891363
0.0013434092203776042	0.00036523694481817	0.22129424413045248	0.011711170763435738	brute	100	20	2	distance	{'algorithm': 'brute', 'leaf_size': 100, 'n_neighbors': 20, 'p': 2, 'weights': 'distance'}	0.9956903217546937	0.9961201915137352	0.9966890668763395	0.9961665267149229	0.0004090502557996425	167	1.0	1.0	1.0	1.0	0.0
0.0075795650482177734	0.0002339532243191654	0.01693860689798991	0.0016413511493631927	auto	1	1	1	uniform	{'algorithm': 'auto', 'leaf_size': 1, 'n_neighbors': 1, 'p': 1, 'weights': 'uniform'}	0.9992425495640662	0.9992185868043166	0.9991335444489466	0.9991982269391099	4.677194218750778e-05	57	1.0	1.0	1.0	1.0	0.0
0.0059702396392822266	0.0011088629651205644	0.012163480122884115	0.0005296980626956465	auto	1	1	1	distance	{'algorithm': 'auto', 'leaf_size': 1, 'n_neighbors': 1, 'p': 1, 'weights': 'distance'}	0.9992425495640662	0.9992185868043166	0.9991335444489466	0.9991982269391099	4.677194218750778e-05	57	1.0	1.0	1.0	1.0	0.0
0.0053090254465738935	0.0007780496627771649	0.012619654337565104	0.0017392772919933835	auto	1	1	2	uniform	{'algorithm': 'auto', 'leaf_size': 1, 'n_neighbors': 1, 'p': 2, 'weights': 'uniform'}	0.9992425495640662	0.9992185868043166	0.9991335444489466	0.9991982269391099	4.677194218750778e-05	57	1.0	1.0	1.0	1.0	0.0
0.004826704661051433	0.0001630000170660674	0.011286179224650065	0.00033363874532199936	auto	1	1	2	distance	{'algorithm': 'auto', 'leaf_size': 1, 'n_neighbors': 1, 'p': 2, 'weights': 'distance'}	0.9992425495640662	0.9992185868043166	0.9991335444489466	0.9991982269391099	4.677194218750778e-05	57	1.0	1.0	1.0	1.0	0.0
0.004903395970662435	0.0003757473444843025	0.016628583272298176	0.00011010505101562374	auto	1	5	1	uniform	{'algorithm': 'auto', 'leaf_size': 1, 'n_neighbors': 5, 'p': 1, 'weights': 'uniform'}	0.997672737390245	0.997737919662278	0.9980299482438367	0.9978135350987866	0.00015532368173103105	150	0.9989685659926095	0.9989743714330943	0.9990858723308687	0.9990096032521908	5.3982435764351645e-05
0.005479017893473308	0.00018553983755352905	0.01677878697713216	0.0006066314609671072	auto	1	5	1	distance	{'algorithm': 'auto', 'leaf_size': 1, 'n_neighbors': 5, 'p': 1, 'weights': 'distance'}	0.9990050331926298	0.9990976653850672	0.9989997917754003	0.9990341634510324	4.495360447734087e-05	91	1.0	1.0	1.0	1.0	0.0
0.00530695915222168	0.00045449827389691563	0.016592105229695637	0.0006953503462527057	auto	1	5	2	uniform	{'algorithm': 'auto', 'leaf_size': 1, 'n_neighbors': 5, 'p': 2, 'weights': 'uniform'}	0.9976727352965874	0.997748730150806	0.9980299482438367	0.9978171378970767	0.000153644583878977	147	0.9989685530424017	0.9989734799995241	0.9990858479857472	0.9990092936758911	5.41694286154522e-05
0.005062500635782878	0.0004012947720264558	0.016975800196329754	0.0006215222640336886	auto	1	5	2	distance	{'algorithm': 'auto', 'leaf_size': 1, 'n_neighbors': 5, 'p': 2, 'weights': 'distance'}	0.9990050425920869	0.999098251350715	0.9989997917754003	0.9990343619060674	4.52274888535675e-05	87	1.0	1.0	1.0	1.0	0.0
0.0055236021677653	0.0012936872631661702	0.025606393814086914	0.002436474603655786	auto	1	10	1	uniform	{'algorithm': 'auto', 'leaf_size': 1, 'n_neighbors': 10, 'p': 1, 'weights': 'uniform'}	0.9935440919014663	0.992999369385109	0.9946338600289345	0.9937257737718367	0.0006795322620274418	199	0.9960527797358874	0.9955972772518283	0.9959104341633266	0.9958534970503474	0.00019026648745340275
0.004732926686604817	0.00012464075981206827	0.024160226186116535	0.0013631557929437946	auto	1	10	1	distance	{'algorithm': 'auto', 'leaf_size': 1, 'n_neighbors': 10, 'p': 1, 'weights': 'distance'}	0.9979358836974559	0.9981757595908316	0.9982399440136681	0.9981171957673185	0.0001308573269942513	103	1.0	1.0	1.0	1.0	0.0
0.004793326059977214	0.00023688653275663298	0.023073275883992512	0.0010749982962289346	auto	1	10	2	uniform	{'algorithm': 'auto', 'leaf_size': 1, 'n_neighbors': 10, 'p': 2, 'weights': 'uniform'}	0.9935452971675037	0.9929995108621401	0.9946336986877413	0.9937261689057951	0.0006793027806117068	197	0.9960532839093912	0.9955997266869174	0.9959092387343171	0.9958540831102086	0.00018922675227995612
0.0045897165934244795	2.1914055635754966e-05	0.02313383420308431	0.001078660886772281	auto	1	10	2	distance	{'algorithm': 'auto', 'leaf_size': 1, 'n_neighbors': 10, 'p': 2, 'weights': 'distance'}	0.9979359365947259	0.9981758000443149	0.9982398645538174	0.9981172003976194	0.00013081409206455993	101	1.0	1.0	1.0	1.0	0.0
0.004785458246866862	0.00011548590615793502	0.035046656926472984	0.0007957140772928749	auto	1	20	1	uniform	{'algorithm': 'auto', 'leaf_size': 1, 'n_neighbors': 20, 'p': 1, 'weights': 'uniform'}	0.980395872670347	0.9793784013672356	0.9833163208795429	0.9810301983057085	0.0016690474888610691	254	0.9847121160145763	0.9835802240737213	0.9843531652857465	0.9842151684580146	0.00047228323761007587
0.004671494166056315	0.00011257402811650138	0.035246054331461586	0.0013841579514205342	auto	1	20	1	distance	{'algorithm': 'auto', 'leaf_size': 1, 'n_neighbors': 20, 'p': 1, 'weights': 'distance'}	0.995687197800503	0.9961165498767198	0.9966882457271804	0.9961639978014677	0.00041005098630004497	188	1.0	1.0	1.0	1.0	0.0
0.0056336720784505205	0.001163918485426213	0.04539712270100912	0.008735400047005955	auto	1	20	2	uniform	{'algorithm': 'auto', 'leaf_size': 1, 'n_neighbors': 20, 'p': 2, 'weights': 'uniform'}	0.9803957390618008	0.9793769392572651	0.9833295218755624	0.9810340667315428	0.0016755743292147622	247	0.9847087224960336	0.9835804625221258	0.9843546270320832	0.9842146040167475	0.00047113159930699467
0.004616657892862956	2.5381844803455127e-05	0.03417825698852539	0.0009959699789446907	auto	1	20	2	distance	{'algorithm': 'auto', 'leaf_size': 1, 'n_neighbors': 20, 'p': 2, 'weights': 'distance'}	0.9956871989727174	0.9961164182797949	0.9966908215038899	0.9961648129188007	0.0004111537239546298	183	1.0	1.0	1.0	1.0	0.0
0.004163901011149089	0.00018160280550967472	0.00739296277364095	0.00018392664060659644	auto	10	1	1	uniform	{'algorithm': 'auto', 'leaf_size': 10, 'n_neighbors': 1, 'p': 1, 'weights': 'uniform'}	0.9992425286508438	0.9992540045892723	0.9991308283356224	0.9992091205252462	5.555882472819525e-05	49	1.0	1.0	1.0	1.0	0.0
0.004175345102945964	0.00040362119351626026	0.008897940317789713	0.00015486277287625068	auto	10	1	1	distance	{'algorithm': 'auto', 'leaf_size': 10, 'n_neighbors': 1, 'p': 1, 'weights': 'distance'}	0.999242528650844	0.9992540045892723	0.9991308283356224	0.9992091205252462	5.55588247282175e-05	49	1.0	1.0	1.0	1.0	0.0
0.0037796497344970703	6.261775500441859e-05	0.007313172022501628	0.0006492476698276576	auto	10	1	2	uniform	{'algorithm': 'auto', 'leaf_size': 10, 'n_neighbors': 1, 'p': 2, 'weights': 'uniform'}	0.9992425286508438	0.9992540045892723	0.9991308283356224	0.9992091205252462	5.555882472819525e-05	49	1.0	1.0	1.0	1.0	0.0
0.0037306944529215493	0.00011772540870012928	0.007809956868489583	0.00032032772142183755	auto	10	1	2	distance	{'algorithm': 'auto', 'leaf_size': 10, 'n_neighbors': 1, 'p': 2, 'weights': 'distance'}	0.999242528650844	0.9992540045892723	0.9991308283356224	0.9992091205252462	5.55588247282175e-05	49	1.0	1.0	1.0	1.0	0.0
0.004100879033406575	0.00047507837238879784	0.01063386599222819	0.00010266816965602584	auto	10	5	1	uniform	{'algorithm': 'auto', 'leaf_size': 10, 'n_neighbors': 5, 'p': 1, 'weights': 'uniform'}	0.9976608205098336	0.9977847256346699	0.9980317888429577	0.9978257783291538	0.00015420412627100975	138	0.9989665333240606	0.9989778542233234	0.9990881856020167	0.9990108577164669	5.487405035007455e-05
0.003954490025838216	0.00036752450597353514	0.009329795837402344	0.0001412325066956809	auto	10	5	1	distance	{'algorithm': 'auto', 'leaf_size': 10, 'n_neighbors': 5, 'p': 1, 'weights': 'distance'}	0.9990010505531164	0.999112668512984	0.9990082177021526	0.9990406455894177	5.101188192049028e-05	69	1.0	1.0	1.0	1.0	0.0
0.0036482016245524087	3.647120279362562e-05	0.009797890981038412	0.0008067605219426072	auto	10	5	2	uniform	{'algorithm': 'auto', 'leaf_size': 10, 'n_neighbors': 5, 'p': 2, 'weights': 'uniform'}	0.9976606948089339	0.9977847256346699	0.99803238753912	0.9978259359942413	0.0001545155692701199	136	0.9989665260485252	0.998977615280816	0.9990882445470435	0.9990107952921282	5.495169444397892e-05
0.0038956801096598306	0.00018473982060156926	0.009048859278361002	0.00018361020529872207	auto	10	5	2	distance	{'algorithm': 'auto', 'leaf_size': 10, 'n_neighbors': 5, 'p': 2, 'weights': 'distance'}	0.9990008885090211	0.999112668512984	0.9990084567820684	0.9990406712680245	5.1003412634481765e-05	67	1.0	1.0	1.0	1.0	0.0
0.00402077039082845	0.0003397942578212125	0.01271518071492513	0.0003485411263865145	auto	10	10	1	uniform	{'algorithm': 'auto', 'leaf_size': 10, 'n_neighbors': 10, 'p': 1, 'weights': 'uniform'}	0.9935256430010312	0.993001675942365	0.9946207573609815	0.9937160254347926	0.0006745567746508461	216	0.9960542073062381	0.9955819869563203	0.9959043346005518	0.99584684295437	0.00019702281044697454
0.004635810852050781	0.0010823214236467722	0.012588580449422201	0.0010592930105913073	auto	10	10	1	distance	{'algorithm': 'auto', 'leaf_size': 10, 'n_neighbors': 10, 'p': 1, 'weights': 'distance'}	0.9979282832561713	0.9981755906391212	0.9982378524519366	0.9981139087824097	0.00013369557541226642	116	1.0	1.0	1.0	1.0	0.0
0.003992319107055664	0.00015350169993128647	0.012404123942057291	0.0006750161877898844	auto	10	10	2	uniform	{'algorithm': 'auto', 'leaf_size': 10, 'n_neighbors': 10, 'p': 2, 'weights': 'uniform'}	0.9935278400660221	0.9930019086061289	0.9946210835284817	0.9937169440668775	0.0006744143630581325	212	0.9960540291250106	0.9955821363809328	0.9959042551882253	0.9958468068980562	0.00019688561825050436
0.004037539164225261	0.00018464502638815305	0.01418916384379069	0.002926351752865843	auto	10	10	2	distance	{'algorithm': 'auto', 'leaf_size': 10, 'n_neighbors': 10, 'p': 2, 'weights': 'distance'}	0.9979287365503904	0.9981760030731873	0.9982377870366689	0.9981141755534155	0.0001335291039888367	113	1.0	1.0	1.0	1.0	0.0
0.004541238149007161	0.0009399032997357451	0.02093791961669922	0.002540382357151647	auto	10	20	1	uniform	{'algorithm': 'auto', 'leaf_size': 10, 'n_neighbors': 20, 'p': 1, 'weights': 'uniform'}	0.9803959628092669	0.9793959562424734	0.983300086114091	0.9810306683886104	0.001655837329561006	252	0.9846808502866912	0.9835708806648337	0.9843416535741603	0.9841977948418951	0.0004644205289019412
0.003895441691080729	0.00015883668497595666	0.018769264221191406	0.0002132630756769005	auto	10	20	1	distance	{'algorithm': 'auto', 'leaf_size': 10, 'n_neighbors': 20, 'p': 1, 'weights': 'distance'}	0.9956849907883757	0.9961198230098355	0.9966868443503291	0.9961638860495134	0.0004101900401024771	191	1.0	1.0	1.0	1.0	0.0
0.0041510264078776045	0.00044244190522449276	0.018841346104939777	0.0004844657835574648	auto	10	20	2	uniform	{'algorithm': 'auto', 'leaf_size': 10, 'n_neighbors': 20, 'p': 2, 'weights': 'uniform'}	0.9803949507909618	0.9793954344462618	0.9833102322083582	0.9810335391485273	0.0016607742566530964	250	0.984681805753487	0.9835758159290302	0.984340202556284	0.984199274746267	0.00046238429808806886
0.003933509190877278	0.0003207598851708766	0.017169396082560223	0.0008697827026764793	auto	10	20	2	distance	{'algorithm': 'auto', 'leaf_size': 10, 'n_neighbors': 20, 'p': 2, 'weights': 'distance'}	0.9956847826411983	0.9961198283232074	0.9966874806559699	0.9961640305401253	0.0004105412721372114	186	1.0	1.0	1.0	1.0	0.0
0.002938429514567057	6.806626578794174e-05	0.008528470993041992	0.00043191581474106986	auto	50	1	1	uniform	{'algorithm': 'auto', 'leaf_size': 50, 'n_neighbors': 1, 'p': 1, 'weights': 'uniform'}	0.9992463896878234	0.9992537185594481	0.9991285449667529	0.9992095510713415	5.7358055669559486e-05	33	1.0	1.0	1.0	1.0	0.0
0.003277937571207682	0.0005278281621590413	0.00828878084818522	4.295079803643871e-05	auto	50	1	1	distance	{'algorithm': 'auto', 'leaf_size': 50, 'n_neighbors': 1, 'p': 1, 'weights': 'distance'}	0.9992463896878234	0.9992537185594481	0.9991285449667529	0.9992095510713415	5.7358055669559486e-05	33	1.0	1.0	1.0	1.0	0.0
0.0030007362365722656	0.00022125757967803164	0.0077237288157145185	0.0006636440809581783	auto	50	1	2	uniform	{'algorithm': 'auto', 'leaf_size': 50, 'n_neighbors': 1, 'p': 2, 'weights': 'uniform'}	0.9992463896878234	0.9992537185594481	0.9991285449667529	0.9992095510713415	5.7358055669559486e-05	33	1.0	1.0	1.0	1.0	0.0
0.002925713857014974	0.00012377152259742048	0.00733192761739095	0.00015505645769602186	auto	50	1	2	distance	{'algorithm': 'auto', 'leaf_size': 50, 'n_neighbors': 1, 'p': 2, 'weights': 'distance'}	0.9992463896878234	0.9992537185594481	0.9991285449667529	0.9992095510713415	5.7358055669559486e-05	33	1.0	1.0	1.0	1.0	0.0
0.002913951873779297	6.197446265357733e-05	0.01194000244140625	0.00041623846348400094	auto	50	5	1	uniform	{'algorithm': 'auto', 'leaf_size': 50, 'n_neighbors': 5, 'p': 1, 'weights': 'uniform'}	0.9976683110102083	0.9977447626046625	0.9980253663242786	0.9978128133130498	0.00015350417694747696	154	0.9989647839942302	0.9989704689426426	0.9990873604276413	0.9990075377881714	5.649082514637331e-05
0.0029892921447753906	0.00021258979571568687	0.011225144068400065	0.0005437282742155351	auto	50	5	1	distance	{'algorithm': 'auto', 'leaf_size': 50, 'n_neighbors': 5, 'p': 1, 'weights': 'distance'}	0.9990019836059632	0.9991012756779387	0.9990003184506798	0.9990345259115272	4.7204107678042146e-05	85	1.0	1.0	1.0	1.0	0.0
0.002942164738972982	0.00010620851210842305	0.009582837422688803	4.9179125831601735e-05	auto	50	5	2	uniform	{'algorithm': 'auto', 'leaf_size': 50, 'n_neighbors': 5, 'p': 2, 'weights': 'uniform'}	0.9976683126991824	0.9977450453560096	0.9980257933317921	0.997813050462328	0.00015365897638772616	152	0.9989657752766461	0.9989704932136563	0.9990874271017808	0.9990078985306944	5.626816712073789e-05
0.0028982957204182944	7.88744810802146e-05	0.009940226872762045	0.000325026954726459	auto	50	5	2	distance	{'algorithm': 'auto', 'leaf_size': 50, 'n_neighbors': 5, 'p': 2, 'weights': 'distance'}	0.9990019842007853	0.9991013254257779	0.9990005200827126	0.9990346099030919	4.71787850336621e-05	83	1.0	1.0	1.0	1.0	0.0
0.003401676813761393	0.0007988534455279232	0.01368419329325358	0.0002666180958369877	auto	50	10	1	uniform	{'algorithm': 'auto', 'leaf_size': 50, 'n_neighbors': 10, 'p': 1, 'weights': 'uniform'}	0.9935560813017437	0.9929777852885153	0.9946253041086808	0.9937197235663132	0.0006824776718032304	209	0.9960483829904674	0.9955847637445843	0.995914651950872	0.9958492662286412	0.00019483697594320683
0.003453493118286133	0.00085665570486754	0.014937400817871094	0.0014956345924803146	auto	50	10	1	distance	{'algorithm': 'auto', 'leaf_size': 50, 'n_neighbors': 10, 'p': 1, 'weights': 'distance'}	0.9979381731202762	0.998173009123143	0.9982348928650918	0.9981153583695037	0.0001278106901821196	107	1.0	1.0	1.0	1.0	0.0
0.0032704671223958335	0.000553305859108356	0.013555685679117838	0.0011045040886924192	auto	50	10	2	uniform	{'algorithm': 'auto', 'leaf_size': 50, 'n_neighbors': 10, 'p': 2, 'weights': 'uniform'}	0.9935544188834646	0.9929847637303166	0.9946090560639349	0.9937160795592387	0.0006728952503084833	214	0.9960486941099941	0.9955839826375142	0.995915487337767	0.9958493880284252	0.00019539025425236058
0.002939939498901367	0.00011978076015336619	0.01276699701944987	0.000705756697993565	auto	50	10	2	distance	{'algorithm': 'auto', 'leaf_size': 50, 'n_neighbors': 10, 'p': 2, 'weights': 'distance'}	0.9979379916690136	0.9981740087112634	0.998233432755936	0.9981151443787377	0.00012759340681304696	109	1.0	1.0	1.0	1.0	0.0
0.002979834874471029	7.458459079488086e-05	0.019307454427083332	0.00012759891699426463	auto	50	20	1	uniform	{'algorithm': 'auto', 'leaf_size': 50, 'n_neighbors': 20, 'p': 1, 'weights': 'uniform'}	0.9804077654429577	0.9793994990456318	0.9832999673524693	0.9810357439470195	0.0016531144353076274	245	0.9847086564052187	0.9835783474332558	0.9843439441254005	0.9842103159879584	0.0004710215510725167
0.0029174486796061196	5.144000174807026e-05	0.019687652587890625	0.0009528612207186149	auto	50	20	1	distance	{'algorithm': 'auto', 'leaf_size': 50, 'n_neighbors': 20, 'p': 1, 'weights': 'distance'}	0.9956898608666428	0.9961192310906157	0.9966868945600873	0.9961653288391153	0.0004083403794862345	180	1.0	1.0	1.0	1.0	0.0
0.003316084543863932	0.0004498476263594685	0.017650842666625977	0.0002581906995768559	auto	50	20	2	uniform	{'algorithm': 'auto', 'leaf_size': 50, 'n_neighbors': 20, 'p': 2, 'weights': 'uniform'}	0.9804108291487791	0.9793941602788184	0.9833041664054234	0.9810363852776737	0.0016564072225392428	243	0.9846944608305919	0.9835784522725832	0.9843478138807087	0.9842069089946279	0.00046637568231216477
0.002889235814412435	7.51101356392277e-05	0.01713244120279948	0.0001828992543937261	auto	50	20	2	distance	{'algorithm': 'auto', 'leaf_size': 50, 'n_neighbors': 20, 'p': 2, 'weights': 'distance'}	0.9956912862706243	0.9961182037509502	0.9966871028016555	0.9961655309410767	0.0004079154635155884	176	1.0	1.0	1.0	1.0	0.0
0.002784093221028646	0.0004242021693972727	0.010776122411092123	0.0003805302103681044	auto	100	1	1	uniform	{'algorithm': 'auto', 'leaf_size': 100, 'n_neighbors': 1, 'p': 1, 'weights': 'uniform'}	0.9992463893569739	0.9992540268519421	0.9991284447353966	0.9992096203147708	5.74844259917589e-05	21	1.0	1.0	1.0	1.0	0.0
0.0026308695475260415	0.00011921474656224528	0.010349194208780924	0.00011495539689356069	auto	100	1	1	distance	{'algorithm': 'auto', 'leaf_size': 100, 'n_neighbors': 1, 'p': 1, 'weights': 'distance'}	0.9992463893569739	0.9992540268519421	0.9991284447353966	0.9992096203147708	5.74844259917589e-05	21	1.0	1.0	1.0	1.0	0.0
0.0026258627573649087	0.0001096211073209481	0.009879986445109049	0.0015619324315627122	auto	100	1	2	uniform	{'algorithm': 'auto', 'leaf_size': 100, 'n_neighbors': 1, 'p': 2, 'weights': 'uniform'}	0.9992463893569739	0.9992540268519421	0.9991284447353966	0.9992096203147708	5.74844259917589e-05	21	1.0	1.0	1.0	1.0	0.0
0.002902507781982422	0.00032893953916772093	0.009331544240315756	0.0006876945300900082	auto	100	1	2	distance	{'algorithm': 'auto', 'leaf_size': 100, 'n_neighbors': 1, 'p': 2, 'weights': 'distance'}	0.9992463893569739	0.9992540268519421	0.9991284447353966	0.9992096203147708	5.74844259917589e-05	21	1.0	1.0	1.0	1.0	0.0
0.0026216506958007812	6.104850374745143e-05	0.013605833053588867	0.0005133601399470629	auto	100	5	1	uniform	{'algorithm': 'auto', 'leaf_size': 100, 'n_neighbors': 5, 'p': 1, 'weights': 'uniform'}	0.9976704754895214	0.9977553868498611	0.9980366902087255	0.9978208508493694	0.00015650869318594617	141	0.9989654787947749	0.9989677600270405	0.9990895282564809	0.9990075890260988	5.794726977678094e-05
0.0028333663940429688	0.00033867631203072314	0.01346286137898763	0.0005587391611408798	auto	100	5	1	distance	{'algorithm': 'auto', 'leaf_size': 100, 'n_neighbors': 5, 'p': 1, 'weights': 'distance'}	0.9990037698542662	0.9991033971687402	0.9990036951122931	0.9990369540450997	4.6982393197916844e-05	76	1.0	1.0	1.0	1.0	0.0
0.0026033719380696616	0.00014822662004495134	0.011781454086303711	0.0001646553759657948	auto	100	5	2	uniform	{'algorithm': 'auto', 'leaf_size': 100, 'n_neighbors': 5, 'p': 2, 'weights': 'uniform'}	0.9976679596132172	0.9977522935478152	0.9980374106560056	0.997819221272346	0.00015807805769620944	144	0.9989665814292807	0.9989620458397184	0.9990897897803183	0.9990061390164392	5.917899749258893e-05
0.0026241143544514975	0.00010480050783133585	0.011920770009358725	0.000480250000005513	auto	100	5	2	distance	{'algorithm': 'auto', 'leaf_size': 100, 'n_neighbors': 5, 'p': 2, 'weights': 'distance'}	0.9990035109449871	0.9991019173964144	0.9990039772650876	0.9990364685354963	4.62797249358816e-05	79	1.0	1.0	1.0	1.0	0.0
0.0025310516357421875	2.2162243446229784e-05	0.01834392547607422	0.0013903938815639425	auto	100	10	1	uniform	{'algorithm': 'auto', 'leaf_size': 100, 'n_neighbors': 10, 'p': 1, 'weights': 'uniform'}	0.9935374767726789	0.9930169973750254	0.9946174647528474	0.9937239796335172	0.0006665640477822581	201	0.996047673444379	0.9955839077701082	0.9959098337335945	0.9958471383160271	0.00019445254210373475
0.0030525525410970054	0.0007147803404470269	0.017312288284301758	0.0014401358063062517	auto	100	10	1	distance	{'algorithm': 'auto', 'leaf_size': 100, 'n_neighbors': 10, 'p': 1, 'weights': 'distance'}	0.9979289430858042	0.9981771812597465	0.9982325894231918	0.9981129045895809	0.0001320325522940657	121	1.0	1.0	1.0	1.0	0.0
0.0026830037434895835	0.00011256527543839174	0.015253941218058268	0.0007513897178647545	auto	100	10	2	uniform	{'algorithm': 'auto', 'leaf_size': 100, 'n_neighbors': 10, 'p': 2, 'weights': 'uniform'}	0.9935424679151951	0.9930106955089664	0.9946106999310184	0.99372128778506	0.0006653249567143099	205	0.9960459115264175	0.9955779792622431	0.9959186269195615	0.9958475059027408	0.00019754121973073678
0.002641916275024414	8.684481970770957e-05	0.015819787979125977	0.00067266212480611	auto	100	10	2	distance	{'algorithm': 'auto', 'leaf_size': 100, 'n_neighbors': 10, 'p': 2, 'weights': 'distance'}	0.9979301760909006	0.9981770866399896	0.9982324917452862	0.9981132514920588	0.0001314150760127392	118	1.0	1.0	1.0	1.0	0.0
0.0028014183044433594	0.0001384647585990258	0.02329905827840169	0.0007663655920926113	auto	100	20	1	uniform	{'algorithm': 'auto', 'leaf_size': 100, 'n_neighbors': 20, 'p': 1, 'weights': 'uniform'}	0.9804149251365621	0.9793973289066715	0.983332147735241	0.9810481339261582	0.0016676160293130162	229	0.9847023929543588	0.9835828887272923	0.9843355305644983	0.9842069374153831	0.000465993259682636
0.0031065146128336587	0.0007517399006115922	0.02664669354756673	0.005369135782469227	auto	100	20	1	distance	{'algorithm': 'auto', 'leaf_size': 100, 'n_neighbors': 20, 'p': 1, 'weights': 'distance'}	0.9956905039039856	0.996118390756462	0.9966898409002414	0.9961662451868963	0.00040937850693094656	171	1.0	1.0	1.0	1.0	0.0
0.0026317437489827475	1.949921313347069e-06	0.02102979024251302	0.000539024892083533	auto	100	20	2	uniform	{'algorithm': 'auto', 'leaf_size': 100, 'n_neighbors': 20, 'p': 2, 'weights': 'uniform'}	0.9804082263899185	0.9793849203306082	0.9833477718993913	0.981046972873306	0.001679691626773893	235	0.9846944313866286	0.9835891399874618	0.9843540713365384	0.9842125475702096	0.0004621969288769704
0.0031342506408691406	0.0007211795119734212	0.021616458892822266	0.0012441150701028596	auto	100	20	2	distance	{'algorithm': 'auto', 'leaf_size': 100, 'n_neighbors': 20, 'p': 2, 'weights': 'distance'}	0.9956910420200142	0.9961168975190237	0.9966921460079616	0.9961666951823331	0.00041021307806582663	165	1.0	1.0	1.0	1.0	0.0
